name,method,feature,nfolds,maxIter,reg,auc,f1,f2,f3
data_tuberculosis,SVC,cdk_fp,1000,10,1.0,0.6409217752871816,0.6360459989391911,0.6346987463035726,0.6520205806187815
data_tuberculosis,SVC,cdk_fp,1000,10,0.1,0.6444529334317117,0.6409615162144406,0.6371544509518045,0.6552428331288902
data_tuberculosis,SVC,cdk_fp,1000,10,0.03,0.6447071027075759,0.6428757740520932,0.6372100518117642,0.6540354822588705
data_tuberculosis,SVC,cdk_fp,1000,10,0.01,0.645365703371411,0.6443491195941861,0.6376795701847597,0.6540684203352871
data_tuberculosis,SVC,cdk_fp,1500,10,1.0,0.6516896686175504,0.6489044857369237,0.64646141712177,0.6597031029939576
data_tuberculosis,SVC,cdk_fp,1500,10,0.1,0.6560380219894715,0.6535766281559608,0.6555521577252247,0.6589852800872291
data_tuberculosis,SVC,cdk_fp,1500,10,0.03,0.6555923412968735,0.6527646510572074,0.6538697168886582,0.660142655944755
data_tuberculosis,SVC,cdk_fp,1500,10,0.01,0.6573061800698923,0.6540841138426816,0.6590467747382642,0.6587876516287311
data_tuberculosis,SVC,cdk_fp,2000,10,1.0,0.6478599642540965,0.6389053806579199,0.6392106531247683,0.6654638589796014
data_tuberculosis,SVC,cdk_fp,2000,10,0.1,0.6498252438139153,0.6437925223893954,0.6455223803757796,0.6601608286765708
data_tuberculosis,SVC,cdk_fp,2000,10,0.03,0.6494795380400749,0.6441515821548387,0.6430903575753083,0.6611966743900778
data_tuberculosis,SVC,cdk_fp,2000,10,0.01,0.6501881530963699,0.6435993504183211,0.6451187593182922,0.6618463495524964
data_tuberculosis,SVC,rdkit_fp,1000,10,1.0,0.6429358779736396,0.630009647684883,0.6427794046177544,0.6560185816182817
data_tuberculosis,SVC,rdkit_fp,1000,10,0.1,0.6471460998997837,0.6326234718132628,0.6490015527054966,0.6598132751805916
data_tuberculosis,SVC,rdkit_fp,1000,10,0.03,0.6477097470407355,0.6305127679033312,0.6499807456281251,0.6626357275907502
data_tuberculosis,SVC,rdkit_fp,1000,10,0.01,0.6483235803611961,0.632599461737762,0.6499683898814674,0.6624028894643588
data_tuberculosis,SVC,rdkit_fp,1500,10,1.0,0.6489563673712315,0.6411405004136281,0.6423057676625401,0.6634228340375266
data_tuberculosis,SVC,rdkit_fp,1500,10,0.1,0.6508287339412036,0.6444015052134605,0.6441632482434246,0.6639214483667256
data_tuberculosis,SVC,rdkit_fp,1500,10,0.03,0.6500524638810348,0.6473241862221456,0.6405234512071566,0.6623097542138022
data_tuberculosis,SVC,rdkit_fp,1500,10,0.01,0.6499022012572337,0.6468374365097208,0.6419814293127735,0.6608877379492071
data_tuberculosis,SVC,rdkit_fp,2000,10,1.0,0.6602045471776173,0.6474082214863983,0.6649713552606651,0.6682340647857888
data_tuberculosis,SVC,rdkit_fp,2000,10,0.1,0.6602092651174278,0.651254199034795,0.6641857357023419,0.6651878606151469
data_tuberculosis,SVC,rdkit_fp,2000,10,0.03,0.6598574401953852,0.6489066684710603,0.6662285524830931,0.6644370996320023
data_tuberculosis,SVC,rdkit_fp,2000,10,0.01,0.6594238074649774,0.6493770476774617,0.6648900132618348,0.6640043614556357
data_tuberculosis,SVC,cdk_fp,1000,50,1.0,0.6412916122045643,0.6329563387690689,0.6385424131596937,0.6523760846849304
data_tuberculosis,SVC,cdk_fp,1000,50,0.1,0.6457122458932172,0.643916938235172,0.6395432286389733,0.6536765708055062
data_tuberculosis,SVC,cdk_fp,1000,50,0.03,0.6438194081210404,0.6403536247574437,0.6374643742638033,0.6536402253418746
data_tuberculosis,SVC,cdk_fp,1000,50,0.01,0.6416522600860142,0.6395296426209399,0.6386505259429494,0.646776611694153
data_tuberculosis,SVC,cdk_fp,1500,50,1.0,0.6588997533240677,0.6578078582794381,0.6532230994802349,0.66566830221253
data_tuberculosis,SVC,cdk_fp,1500,50,0.1,0.6584614794450343,0.6584528562167542,0.6623838559814171,0.6545477261369316
data_tuberculosis,SVC,cdk_fp,1500,50,0.03,0.6523918816029833,0.6545872340611297,0.6550167420367214,0.647571668711099
data_tuberculosis,SVC,cdk_fp,1500,50,0.01,0.6501308217960072,0.651725669608265,0.6539232584575086,0.644743537322248
data_tuberculosis,SVC,cdk_fp,2000,50,1.0,0.6539360840099395,0.6511745292388151,0.6408992718346636,0.6697344509563401
data_tuberculosis,SVC,cdk_fp,2000,50,0.1,0.6478315853932397,0.6535100547647995,0.6409898806434874,0.6489948207714324
data_tuberculosis,SVC,cdk_fp,2000,50,0.03,0.6454194484763618,0.649780853492702,0.6406140600159801,0.6458634319204033
data_tuberculosis,SVC,cdk_fp,2000,50,0.01,0.6445045023376428,0.651254199034795,0.6384641600975282,0.6437951478806052
data_tuberculosis,SVC,rdkit_fp,1000,50,1.0,0.6472437756721763,0.6233261157591222,0.6696943394205979,0.6487108718368089
data_tuberculosis,SVC,rdkit_fp,1000,50,0.1,0.6500557527508302,0.6316477896542766,0.6712521931450317,0.6472672754531825
data_tuberculosis,SVC,rdkit_fp,1000,50,0.03,0.6455799419398706,0.6280681056705251,0.6673560143656148,0.641315705783472
data_tuberculosis,SVC,rdkit_fp,1000,50,0.01,0.6434791967764674,0.6208912758299301,0.6675650324132422,0.6419812820862297
data_tuberculosis,SVC,rdkit_fp,1500,50,1.0,0.6531987270440103,0.6430907733645318,0.648229318539386,0.6682760892281132
data_tuberculosis,SVC,rdkit_fp,1500,50,0.1,0.6521007664010678,0.6456576687089782,0.6452443760759796,0.6654002544182456
data_tuberculosis,SVC,rdkit_fp,1500,50,0.03,0.6499515779383329,0.6444451598961892,0.6493444246752496,0.6560651492435601
data_tuberculosis,SVC,rdkit_fp,1500,50,0.01,0.6502952635167547,0.6462535551282246,0.6471564278712698,0.6574758075507701
data_tuberculosis,SVC,rdkit_fp,2000,50,1.0,0.6649012357164994,0.6494272505626,0.6742937661139529,0.6709826904729455
data_tuberculosis,SVC,rdkit_fp,2000,50,0.1,0.6612285504777715,0.6538734799985159,0.6758402937372838,0.6539718776975149
data_tuberculosis,SVC,rdkit_fp,2000,50,0.03,0.654944757326891,0.650554632744068,0.6706673544698974,0.6436122847667076
data_tuberculosis,SVC,rdkit_fp,2000,50,0.01,0.6520670276579258,0.646809060965947,0.6722015263465704,0.6371904956612602
data_tuberculosis,SVC,cdk_fp,1000,100,1.0,0.645838453832818,0.6342758015545433,0.6460124916598711,0.6572270682840399
data_tuberculosis,SVC,cdk_fp,1000,100,0.1,0.6465422053765894,0.6391542123494732,0.642909139957661,0.6575632638226341
data_tuberculosis,SVC,cdk_fp,1000,100,0.03,0.6440397818387372,0.6419644825501318,0.6365850569599921,0.6535698060060878
data_tuberculosis,SVC,cdk_fp,1000,100,0.01,0.6399818460604713,0.638680559041867,0.6365521083022381,0.6447128708373087
data_tuberculosis,SVC,cdk_fp,1500,100,1.0,0.6604231042405694,0.655292257187198,0.6557405828617556,0.6702364726727547
data_tuberculosis,SVC,cdk_fp,1500,100,0.1,0.6591264154852918,0.6575579352208165,0.6629872282765383,0.6568340829585207
data_tuberculosis,SVC,cdk_fp,1500,100,0.03,0.6515631062795622,0.6525780272885422,0.6550836689977843,0.6470276225523602
data_tuberculosis,SVC,cdk_fp,1500,100,0.01,0.6479970861159161,0.6493333929947331,0.6500631172725101,0.6445947480805051
data_tuberculosis,SVC,cdk_fp,2000,100,1.0,0.6532964665174783,0.6537032267358739,0.6377351710447196,0.6684510017718415
data_tuberculosis,SVC,cdk_fp,2000,100,0.1,0.6448842425641758,0.6529523661929404,0.6355018698363276,0.6461984916632594
data_tuberculosis,SVC,cdk_fp,2000,100,0.03,0.642583033906438,0.6535438871439143,0.6345216472681444,0.6396835673072556
data_tuberculosis,SVC,cdk_fp,2000,100,0.01,0.6415577473457992,0.6532011978844942,0.6345700406092208,0.6369020035436828
data_tuberculosis,SVC,rdkit_fp,1000,100,1.0,0.6472408704442072,0.6240191338474399,0.6727112008962035,0.6449922765889783
data_tuberculosis,SVC,rdkit_fp,1000,100,0.1,0.6489293355441175,0.6316215968446395,0.6699980848592682,0.6451683249284449
data_tuberculosis,SVC,rdkit_fp,1000,100,0.03,0.6421109691889643,0.627413285429595,0.663997310565811,0.634922311571487
data_tuberculosis,SVC,rdkit_fp,1000,100,0.01,0.6372074836212925,0.6160597938189335,0.6627370244067181,0.6328256326382263
data_tuberculosis,SVC,rdkit_fp,1500,100,1.0,0.6545186436627772,0.6438558216793521,0.6533991688701083,0.6663009404388714
data_tuberculosis,SVC,rdkit_fp,1500,100,0.1,0.6513259708900652,0.6428517639765923,0.651249268951656,0.6598768797419474
data_tuberculosis,SVC,rdkit_fp,1500,100,0.03,0.6471241538243581,0.642825571166955,0.653345627301258,0.6452012630048612
data_tuberculosis,SVC,rdkit_fp,1500,100,0.01,0.6461985345913993,0.6451261729467566,0.6495050493818006,0.6439643814456408
data_tuberculosis,SVC,rdkit_fp,2000,100,1.0,0.6646933686068008,0.6479233467425969,0.6771355878452403,0.6690211712325654
data_tuberculosis,SVC,rdkit_fp,2000,100,0.1,0.6584298691381549,0.6479418999827564,0.6753975461487138,0.6519501612829949
data_tuberculosis,SVC,rdkit_fp,2000,100,0.03,0.6541428118422804,0.6496684426846757,0.6753491528076374,0.6374108400345282
data_tuberculosis,SVC,rdkit_fp,2000,100,0.01,0.6510435252248917,0.6444517080985985,0.6742494913550962,0.6344293762209805
data_solubility,SVC,cdk_fp,1000,10,1.0,0.7673597736429656,0.7871394367802986,0.8414035087719298,0.6735363753766681
data_solubility,SVC,cdk_fp,1000,10,0.1,0.7911271443632258,0.8127351499258922,0.8652631578947368,0.6953831252690487
data_solubility,SVC,cdk_fp,1000,10,0.03,0.7992156508272759,0.8265876182875385,0.8708333333333335,0.7002260008609557
data_solubility,SVC,cdk_fp,1000,10,0.01,0.7983443667966098,0.8253904913920875,0.8716228070175439,0.698019801980198
data_solubility,SVC,cdk_fp,1500,10,1.0,0.7784069373902063,0.7560141374985748,0.8534210526315791,0.7257856220404649
data_solubility,SVC,cdk_fp,1500,10,0.1,0.7996607258047641,0.805495382510546,0.8492982456140351,0.7441885492897116
data_solubility,SVC,cdk_fp,1500,10,0.03,0.7986345349952481,0.8020180139094744,0.8499122807017543,0.7439733103745156
data_solubility,SVC,cdk_fp,1500,10,0.01,0.7953998736888064,0.7975715425835138,0.8496052631578949,0.7390228153250107
data_solubility,SVC,cdk_fp,2000,10,1.0,0.7762868958269427,0.777733439744613,0.8393859649122807,0.7117412828239346
data_solubility,SVC,cdk_fp,2000,10,0.1,0.7943256099517333,0.8000798084596967,0.8516228070175439,0.7312742143779596
data_solubility,SVC,cdk_fp,2000,10,0.03,0.7943639217872175,0.800763880971383,0.8482017543859649,0.7341261300043047
data_solubility,SVC,cdk_fp,2000,10,0.01,0.7971759480367739,0.8054383764679056,0.8508333333333333,0.7352561343090831
data_solubility,SVC,rdkit_fp,1000,10,1.0,0.7644600363655192,0.7780184699578154,0.8153508771929824,0.7000107619457598
data_solubility,SVC,rdkit_fp,1000,10,0.1,0.7901323518654291,0.7963174096454224,0.8380701754385965,0.7360094705122685
data_solubility,SVC,rdkit_fp,1000,10,0.03,0.7913393826626092,0.8088587390263368,0.8387280701754386,0.7264313387860525
data_solubility,SVC,rdkit_fp,1000,10,0.01,0.7979247273478315,0.809542811538023,0.8428947368421053,0.7413366336633664
data_solubility,SVC,rdkit_fp,1500,10,1.0,0.7813735604309541,0.7633109109565612,0.8318859649122807,0.7489238054240206
data_solubility,SVC,rdkit_fp,1500,10,0.1,0.7906296475196495,0.8062934671075134,0.8256578947368421,0.7399375807145931
data_solubility,SVC,rdkit_fp,1500,10,0.03,0.7879375696841514,0.7967164519439061,0.825921052631579,0.7411752044769695
data_solubility,SVC,rdkit_fp,1500,10,0.01,0.7898192302479342,0.8006498688861019,0.824780701754386,0.7440271201033147
data_solubility,SVC,rdkit_fp,2000,10,1.0,0.7661810445787293,0.7518526963858168,0.8200438596491227,0.7266465777012484
data_solubility,SVC,rdkit_fp,2000,10,0.1,0.7782569068952101,0.7785885303842207,0.8299122807017543,0.7262699095996555
data_solubility,SVC,rdkit_fp,2000,10,0.03,0.7764509744676642,0.7791015847679854,0.8304385964912281,0.7198127421437795
data_solubility,SVC,rdkit_fp,2000,10,0.01,0.7764227969306947,0.7798426633223121,0.828859649122807,0.7205660783469652
data_solubility,SVC,cdk_fp,1000,50,1.0,0.9015122714745459,0.9199635161327102,0.9450877192982455,0.839485578992682
data_solubility,SVC,cdk_fp,1000,50,0.1,0.8379696156925938,0.8272716907992247,0.9199561403508772,0.7666810159276797
data_solubility,SVC,cdk_fp,1000,50,0.03,0.830867455836816,0.84101014707559,0.9174122807017544,0.7341799397331038
data_solubility,SVC,cdk_fp,1000,50,0.01,0.8263448461331132,0.8418082316725573,0.9093421052631578,0.7278842014636246
data_solubility,SVC,cdk_fp,1500,50,1.0,0.8921854931251785,0.8904343860449208,0.9339912280701754,0.8521308652604391
data_solubility,SVC,cdk_fp,1500,50,0.1,0.8521062008545068,0.8443735035913807,0.906359649122807,0.8055854498493327
data_solubility,SVC,cdk_fp,1500,50,0.03,0.8403049069312698,0.8372477482613156,0.9060087719298247,0.7776582006026691
data_solubility,SVC,cdk_fp,1500,50,0.01,0.8349276250904922,0.8298939687606885,0.902719298245614,0.7721696082651742
data_solubility,SVC,cdk_fp,2000,50,1.0,0.9056775269405418,0.898358225971953,0.9321052631578948,0.8865690916917778
data_solubility,SVC,cdk_fp,2000,50,0.1,0.8239360521835059,0.8229962376011857,0.8753508771929824,0.7734610417563494
data_solubility,SVC,cdk_fp,2000,50,0.03,0.825422168919083,0.8164975487401664,0.8806578947368421,0.7791110632802412
data_solubility,SVC,cdk_fp,2000,50,0.01,0.8219477005206832,0.8183787481473035,0.8862719298245613,0.761192423590185
data_solubility,SVC,rdkit_fp,1000,50,1.0,0.882734361874214,0.9040588302360049,0.9034210526315789,0.8407232027550581
data_solubility,SVC,rdkit_fp,1000,50,0.1,0.823168417306532,0.8377037966024399,0.8616228070175438,0.7701786482996127
data_solubility,SVC,rdkit_fp,1000,50,0.03,0.8181080832378536,0.838159844943564,0.8546491228070175,0.7615152819629789
data_solubility,SVC,rdkit_fp,1000,50,0.01,0.8223427498273921,0.8398700262227796,0.8567105263157894,0.7704476969436074
data_solubility,SVC,rdkit_fp,1500,50,1.0,0.8937137771027606,0.8865009691027248,0.9232456140350878,0.8713947481704692
data_solubility,SVC,rdkit_fp,1500,50,0.1,0.8222804046731034,0.8263025880743359,0.8499122807017544,0.79062634524322
data_solubility,SVC,rdkit_fp,1500,50,0.03,0.8148993919492644,0.8134192224375784,0.8665350877192982,0.7647438656909169
data_solubility,SVC,rdkit_fp,1500,50,0.01,0.8208893571905016,0.8137612586934214,0.8671052631578946,0.7818015497201893
data_solubility,SVC,rdkit_fp,2000,50,1.0,0.8627270768948028,0.8774940143655227,0.8756140350877193,0.8350731812311666
data_solubility,SVC,rdkit_fp,2000,50,0.1,0.8013596393377261,0.7985976513510432,0.8519298245614034,0.7535514421007318
data_solubility,SVC,rdkit_fp,2000,50,0.03,0.800658510418405,0.7980845969672785,0.8520614035087719,0.7518295307791649
data_solubility,SVC,rdkit_fp,2000,50,0.01,0.8036788643770439,0.8011629232698666,0.8636403508771929,0.7462333189840723
data_solubility,SVC,cdk_fp,1000,100,1.0,0.9045917158106979,0.9189374073651807,0.947280701754386,0.8475570383125269
data_solubility,SVC,cdk_fp,1000,100,0.1,0.8434834816941735,0.8315471439972636,0.9244736842105263,0.7744296168747309
data_solubility,SVC,cdk_fp,1000,100,0.03,0.8334105554706663,0.8389009234978908,0.9202631578947369,0.7410675850193715
data_solubility,SVC,cdk_fp,1000,100,0.01,0.8288091783847613,0.8409531410329495,0.9130701754385965,0.7324042186827379
data_solubility,SVC,cdk_fp,1500,100,1.0,0.9026720093091813,0.9028046972979136,0.9361842105263157,0.8690271201033147
data_solubility,SVC,cdk_fp,1500,100,0.1,0.850367484109005,0.839813020180139,0.9064035087719298,0.8048859233749461
data_solubility,SVC,cdk_fp,1500,100,0.03,0.8469992300034714,0.8402690685212633,0.9178508771929826,0.7828777442961687
data_solubility,SVC,cdk_fp,1500,100,0.01,0.8359098299948564,0.8231672557291072,0.9072807017543859,0.7772815325010761
data_solubility,SVC,cdk_fp,2000,100,1.0,0.9106701378555339,0.9006954737202144,0.9359210526315789,0.8953938872148085
data_solubility,SVC,cdk_fp,2000,100,0.1,0.8257099803784538,0.8228252194732641,0.8819736842105262,0.7723310374515713
data_solubility,SVC,cdk_fp,2000,100,0.03,0.8303467936283984,0.8191198267016304,0.8882894736842105,0.7836310804993544
data_solubility,SVC,cdk_fp,2000,100,0.01,0.8260505125015485,0.8207159958955649,0.8935526315789474,0.7638829100301334
data_solubility,SVC,rdkit_fp,1000,100,1.0,0.8887006056276633,0.9055409873446585,0.9112280701754386,0.8493327593628929
data_solubility,SVC,rdkit_fp,1000,100,0.1,0.8244539412474895,0.8426063162695246,0.8626754385964911,0.7680800688764529
data_solubility,SVC,rdkit_fp,1000,100,0.03,0.8187137824756934,0.8388439174552502,0.857719298245614,0.759578131726216
data_solubility,SVC,rdkit_fp,1000,100,0.01,0.8206499916871801,0.8346254702998517,0.859298245614035,0.7680262591476539
data_solubility,SVC,rdkit_fp,1500,100,1.0,0.8976910851043538,0.8902633679169991,0.9244736842105263,0.878336203185536
data_solubility,SVC,rdkit_fp,1500,100,0.1,0.8252728372196404,0.8251624672215255,0.8534649122807018,0.797191132156694
data_solubility,SVC,rdkit_fp,1500,100,0.03,0.8171152033412714,0.8142743130771861,0.8689912280701754,0.7680800688764529
data_solubility,SVC,rdkit_fp,1500,100,0.01,0.8249442298309362,0.8150723976741535,0.8726315789473683,0.787128712871287
data_solubility,SVC,rdkit_fp,2000,100,1.0,0.8718072136302208,0.8931706760916657,0.8834649122807016,0.8387860525182953
data_solubility,SVC,rdkit_fp,2000,100,0.1,0.8032911216074912,0.7998517842891345,0.8530263157894735,0.7569952647438657
data_solubility,SVC,rdkit_fp,2000,100,0.03,0.8036906743604275,0.8022460380800365,0.8535526315789473,0.7552733534222986
data_solubility,SVC,rdkit_fp,2000,100,0.01,0.8062610200435012,0.8056664006384677,0.8649999999999999,0.7481166594920361
data_malaria,SVC,cdk_fp,1000,10,1.0,0.8998346426912964,0.9361103307633887,0.914934083453867,0.8484595138566338
data_malaria,SVC,cdk_fp,1000,10,0.1,0.9366065503596988,0.9672852222950544,0.9505411457085471,0.8919932830754946
data_malaria,SVC,cdk_fp,1000,10,0.03,0.9438109391915096,0.9733589287386457,0.9567793326411869,0.9012945561946965
data_malaria,SVC,cdk_fp,1000,10,0.01,0.9464332438032239,0.9763684697901385,0.9601099151381772,0.9028213464813563
data_malaria,SVC,cdk_fp,1500,10,1.0,0.9161196066842543,0.9565554411045565,0.9252748617926572,0.8665285171555492
data_malaria,SVC,cdk_fp,1500,10,0.1,0.9451736419432702,0.9823199217571347,0.9589711280499524,0.894229876022724
data_malaria,SVC,cdk_fp,1500,10,0.03,0.9506031067005282,0.9820337942587217,0.965460735508564,0.9043147903342987
data_malaria,SVC,cdk_fp,1500,10,0.01,0.956057264262551,0.9833057610471224,0.9735032344511189,0.9113627972894119
data_malaria,SVC,cdk_fp,2000,10,1.0,0.9163792301425545,0.9412996431209748,0.9370650055164619,0.8707730417902269
data_malaria,SVC,cdk_fp,2000,10,0.1,0.9492471418989912,0.9712806026365354,0.9716220173391424,0.9048388057212959
data_malaria,SVC,cdk_fp,2000,10,0.03,0.9532182498580007,0.9748649998439309,0.9733316769157505,0.9114580728143208
data_malaria,SVC,cdk_fp,2000,10,0.01,0.9542788954359109,0.9752031505238739,0.9737221182031419,0.9139114175807174
data_malaria,SVC,rdkit_fp,1000,10,1.0,0.910417963993245,0.9344299819999792,0.9229972876162079,0.873826622363548
data_malaria,SVC,rdkit_fp,1000,10,0.1,0.9468968576355696,0.9687210621052744,0.9572792158045902,0.9146902949968443
data_malaria,SVC,rdkit_fp,1000,10,0.03,0.9536586702968175,0.9716499672253959,0.9665492384915954,0.9227768051734612
data_malaria,SVC,rdkit_fp,1000,10,0.01,0.9542242439185245,0.9721051700637809,0.9680932563099159,0.9224743053818764
data_malaria,SVC,rdkit_fp,1500,10,1.0,0.9204092395356916,0.9412684292120574,0.9370028898571039,0.8829563995379137
data_malaria,SVC,rdkit_fp,1500,10,0.1,0.949899770398584,0.975361821227539,0.9629199092519792,0.9114175807162337
data_malaria,SVC,rdkit_fp,1500,10,0.03,0.9542300839173361,0.9783323448928841,0.9667474170238315,0.9176104898352928
data_malaria,SVC,rdkit_fp,1500,10,0.01,0.9554435959714269,0.9788551778672572,0.9671378583112228,0.9203377517358013
data_malaria,SVC,rdkit_fp,2000,10,1.0,0.9237788814492423,0.951496186700794,0.9375057309090477,0.8823347267378849
data_malaria,SVC,rdkit_fp,2000,10,0.1,0.9494513899916216,0.9732262696257454,0.9714800386891813,0.9036478616599382
data_malaria,SVC,rdkit_fp,2000,10,0.03,0.9545487358439321,0.9771124012860134,0.9731630772689218,0.9133707289768609
data_malaria,SVC,rdkit_fp,2000,10,0.01,0.9555000106709124,0.9771618233084668,0.9727519307617445,0.916586277942526
data_malaria,SVC,cdk_fp,1000,50,1.0,0.9445463332091226,0.9667233719345344,0.9531352139588667,0.9137804137339671
data_malaria,SVC,cdk_fp,1000,50,0.1,0.9438091532524268,0.9748025720260951,0.961606606739844,0.8950182809913413
data_malaria,SVC,cdk_fp,1000,50,0.03,0.9481049024157004,0.9772554650352198,0.9608079768338159,0.9062512653780657
data_malaria,SVC,cdk_fp,1000,50,0.01,0.9500175037057936,0.977021360718336,0.9684186240494079,0.9046125263496374
data_malaria,SVC,cdk_fp,1500,50,1.0,0.9550108661336575,0.9801401504510413,0.9702140623937008,0.9146783855562305
data_malaria,SVC,cdk_fp,1500,50,0.1,0.9535879284719286,0.9838129870670371,0.9738078969708263,0.9031429013779229
data_malaria,SVC,cdk_fp,1500,50,0.03,0.9494942925210992,0.9837297499765891,0.9753489569006057,0.889404170686103
data_malaria,SVC,cdk_fp,1500,50,0.01,0.9482597118092527,0.9853606767175452,0.9680873405328339,0.8913311181773792
data_malaria,SVC,cdk_fp,2000,50,1.0,0.9436229921039929,0.9567869442623642,0.964005454346469,0.9100765777031459
data_malaria,SVC,cdk_fp,2000,50,0.1,0.9506130946410317,0.9647490921954835,0.9720449954004831,0.9150451963271287
data_malaria,SVC,cdk_fp,2000,50,0.03,0.9496690419226566,0.962023077483327,0.9724295209107926,0.9145545273738498
data_malaria,SVC,cdk_fp,2000,50,0.01,0.9501812751135079,0.9644811728106043,0.9749023157309383,0.9111603367989812
data_malaria,SVC,rdkit_fp,1000,50,1.0,0.9425363795086101,0.9619242334384203,0.9498608313441533,0.9158240737432571
data_malaria,SVC,rdkit_fp,1000,50,0.1,0.9499880226992328,0.9578118009384985,0.9674366050538481,0.9247156621053519
data_malaria,SVC,rdkit_fp,1000,50,0.03,0.9499615664992287,0.9622831933909758,0.9714415861381512,0.9161599199685594
data_malaria,SVC,rdkit_fp,1000,50,0.01,0.9475253045871732,0.9616563140535427,0.9660316079969472,0.9148879917110302
data_malaria,SVC,rdkit_fp,1500,50,1.0,0.943240267653629,0.9628632518650316,0.9473939523010897,0.9194635987947656
data_malaria,SVC,rdkit_fp,1500,50,0.1,0.9501815722131082,0.9716187533164778,0.9767953643970789,0.9021305989257676
data_malaria,SVC,rdkit_fp,1500,50,0.03,0.9523077271645324,0.9735826284192237,0.9803596200887957,0.9029809329855775
data_malaria,SVC,rdkit_fp,1500,50,0.01,0.950476740764588,0.9686144145831386,0.9799277683618326,0.9028880393487928
data_malaria,SVC,rdkit_fp,2000,50,1.0,0.9436932447422622,0.9709736658655097,0.9467639220418895,0.9133421463193874
data_malaria,SVC,rdkit_fp,2000,50,0.1,0.9548424946778695,0.9686586342874391,0.9761742078035015,0.919694641942668
data_malaria,SVC,rdkit_fp,2000,50,0.03,0.9578009054387466,0.9708540125479914,0.9770112902605604,0.9255374135076883
data_malaria,SVC,rdkit_fp,2000,50,0.01,0.9560829466362818,0.9697016990771091,0.9786381289580244,0.9199090118737118
data_malaria,SVC,cdk_fp,1000,100,1.0,0.9444347491621891,0.9663045853232204,0.953395508150461,0.9136041540128857
data_malaria,SVC,cdk_fp,1000,100,0.1,0.9453221189744725,0.9734083507610994,0.9600034311507066,0.9025545750116115
data_malaria,SVC,cdk_fp,1000,100,0.03,0.946812585108596,0.9766337880159399,0.9599679364882162,0.9038360308216319
data_malaria,SVC,cdk_fp,1000,100,0.01,0.9488656315418984,0.9749612427297605,0.9664752912780732,0.9051603606178614
data_malaria,SVC,cdk_fp,1500,100,1.0,0.9547746644015733,0.9801921736325706,0.9693414852741513,0.914790334297998
data_malaria,SVC,cdk_fp,1500,100,0.1,0.9541174641424282,0.9829754138444088,0.9695219164751437,0.9098550621077319
data_malaria,SVC,cdk_fp,1500,100,0.03,0.9490878994230318,0.9812014233542461,0.9762984391222169,0.8897638357926329
data_malaria,SVC,cdk_fp,1500,100,0.01,0.9485639728699878,0.9843384212004871,0.9691196436335884,0.8922338537758882
data_malaria,SVC,cdk_fp,2000,100,1.0,0.9441806642589762,0.9565996608088572,0.9643604009713703,0.911581930996701
data_malaria,SVC,cdk_fp,2000,100,0.1,0.9509344163047607,0.9633366628169518,0.9716131436735203,0.9178534424238102
data_malaria,SVC,cdk_fp,2000,100,0.03,0.9499412055782148,0.9616875279624604,0.9722786685952095,0.9158574201769746
data_malaria,SVC,cdk_fp,2000,100,0.01,0.951224966945124,0.9653967808055273,0.9748549895142848,0.9134231305155601
data_malaria,SVC,rdkit_fp,1000,100,1.0,0.942676299232102,0.9615002445089535,0.9500471783222265,0.9164814748651263
data_malaria,SVC,rdkit_fp,1000,100,0.1,0.9460634932022615,0.9583632466627133,0.9578412146273501,0.9219860183167208
data_malaria,SVC,rdkit_fp,1000,100,0.03,0.9493247226528277,0.9602308788796295,0.9698946104312898,0.9178486786475641
data_malaria,SVC,rdkit_fp,1000,100,0.01,0.9467014144792212,0.9607146944678548,0.9638131915913141,0.9155763573784944
data_malaria,SVC,rdkit_fp,1500,100,1.0,0.943818283951289,0.9631415758862154,0.9468822375835235,0.9214310383841279
data_malaria,SVC,rdkit_fp,1500,100,0.1,0.9494986301893467,0.9685832006742208,0.9762481550170226,0.9036645348767965
data_malaria,SVC,rdkit_fp,1500,100,0.03,0.9521517574549466,0.9715433197032597,0.9824478893986317,0.9024640632629486
data_malaria,SVC,rdkit_fp,1500,100,0.01,0.9496099549626495,0.9671603666593843,0.9795698638483903,0.9020996343801739
data_malaria,SVC,rdkit_fp,2000,100,1.0,0.943225532311705,0.9705886943221902,0.9453027251027131,0.9137851775102119
data_malaria,SVC,rdkit_fp,2000,100,0.1,0.9544350986102362,0.9680395584272363,0.9713646810360889,0.9239010563673833
data_malaria,SVC,rdkit_fp,2000,100,0.03,0.9581733097228693,0.9698395605081628,0.977120732136572,0.9275596365238733
data_malaria,SVC,rdkit_fp,2000,100,0.01,0.9567310462034291,0.9695300225780611,0.978055424915478,0.922607691116748
data_chagas,SVC,cdk_fp,1000,10,1.0,0.7728168510698386,0.7645304550952384,0.7741913689354033,0.7797287291788744
data_chagas,SVC,cdk_fp,1000,10,0.1,0.7776251883278645,0.7708712271598328,0.7813421499419176,0.7806621878818436
data_chagas,SVC,cdk_fp,1000,10,0.03,0.7766967908197653,0.7700725714866075,0.7792738502847453,0.7807439506879433
data_chagas,SVC,cdk_fp,1000,10,0.01,0.777400736348046,0.7703172463460348,0.7822357251362702,0.7796492375618331
data_chagas,SVC,cdk_fp,1500,10,1.0,0.780248970357095,0.7647128071131137,0.7786832188757952,0.797350885082376
data_chagas,SVC,cdk_fp,1500,10,0.1,0.7808237074918286,0.7647774382080568,0.7791844927653102,0.7985091915021191
data_chagas,SVC,cdk_fp,1500,10,0.03,0.78102838190207,0.7628546631335003,0.7823708511412699,0.7978596314314397
data_chagas,SVC,cdk_fp,1500,10,0.01,0.7799155186709097,0.7614327790447524,0.7819349608025613,0.7963788161654153
data_chagas,SVC,cdk_fp,2000,10,1.0,0.7877407233541798,0.7754023285660208,0.7956131996312369,0.792206641865282
data_chagas,SVC,cdk_fp,2000,10,0.1,0.7859950844478487,0.77492452011412,0.7935318232639033,0.7895289099655233
data_chagas,SVC,cdk_fp,2000,10,0.03,0.784605163739934,0.7749429861412467,0.7921326152766486,0.7867398898019069
data_chagas,SVC,cdk_fp,2000,10,0.01,0.7847845540609744,0.7723762083706501,0.7942314272575304,0.7877460265547425
data_chagas,SVC,rdkit_fp,1000,10,1.0,0.7890116664502866,0.780678995817445,0.7920803084360037,0.7942756950974112
data_chagas,SVC,rdkit_fp,1000,10,0.1,0.7946186892688152,0.7849515728438604,0.7965547227628473,0.8023497721997377
data_chagas,SVC,rdkit_fp,1000,10,0.03,0.7951789553096116,0.7837697471077585,0.7971802253988942,0.8045868934221823
data_chagas,SVC,rdkit_fp,1000,10,0.01,0.795260862226651,0.7844806891521324,0.7976030390274416,0.8036988585003794
data_chagas,SVC,rdkit_fp,1500,10,1.0,0.7872885028406273,0.7798041677823223,0.7916989043896336,0.7903624363499266
data_chagas,SVC,rdkit_fp,1500,10,0.1,0.7893305249708878,0.7785415531775417,0.7933596465801135,0.7960903751550085
data_chagas,SVC,rdkit_fp,1500,10,0.03,0.7885204513975032,0.7773389531609222,0.7926861960068088,0.7955362050247787
data_chagas,SVC,rdkit_fp,1500,10,0.01,0.7894681892530104,0.7791947888871449,0.7932397767369685,0.7959700021349178
data_chagas,SVC,rdkit_fp,2000,10,1.0,0.7941538008424397,0.7855078619110492,0.7981195690788111,0.7988339715374589
data_chagas,SVC,rdkit_fp,2000,10,0.1,0.7947335650027344,0.7835897033432743,0.7989630168842125,0.8016479747807167
data_chagas,SVC,rdkit_fp,2000,10,0.03,0.795143937652341,0.7857871605713389,0.7967225405432502,0.802922111842434
data_chagas,SVC,rdkit_fp,2000,10,0.01,0.7956402401700351,0.7855240196847849,0.798372385475262,0.8030243153500584
data_chagas,SVC,cdk_fp,1000,50,1.0,0.7752578475545464,0.7686437626376874,0.7767696602888645,0.7803601197370874
data_chagas,SVC,cdk_fp,1000,50,0.1,0.7671088743984518,0.754046368194115,0.7841471042715074,0.7631331507297331
data_chagas,SVC,cdk_fp,1000,50,0.03,0.7556461929965406,0.7429736766783309,0.7704797627012995,0.7534851396099913
data_chagas,SVC,cdk_fp,1000,50,0.01,0.7504469739583874,0.7378124220964479,0.7676268604344519,0.7459016393442623
data_chagas,SVC,cdk_fp,1500,50,1.0,0.7842654499483622,0.7679720609009574,0.7836850605124764,0.8011392284316531
data_chagas,SVC,cdk_fp,1500,50,0.1,0.7697671553513041,0.7527883700961158,0.7696755450263822,0.7868375509314147
data_chagas,SVC,cdk_fp,1500,50,0.03,0.761692599523893,0.7475255523650366,0.7589068742085865,0.778645371998056
data_chagas,SVC,cdk_fp,1500,50,0.01,0.7569073687608953,0.7407277461290589,0.7580285551760887,0.771965804977538
data_chagas,SVC,cdk_fp,2000,50,1.0,0.7870426727892621,0.7755592897965966,0.7993989072229208,0.7861698213482688
data_chagas,SVC,cdk_fp,2000,50,0.1,0.7648264567360876,0.7504016360900033,0.7818303471212712,0.7622473869969885
data_chagas,SVC,cdk_fp,2000,50,0.03,0.7509365323977977,0.7414663872141227,0.7681760822612247,0.7431671277180456
data_chagas,SVC,cdk_fp,2000,50,0.01,0.7508208061053363,0.7392873960131848,0.7713842351541201,0.7417907871487038
data_chagas,SVC,rdkit_fp,1000,50,1.0,0.7916708505464426,0.783160368212581,0.795212180519625,0.796640002907122
data_chagas,SVC,rdkit_fp,1000,50,0.1,0.7870412636405173,0.7747144690555551,0.7958856310929295,0.7905236907730672
data_chagas,SVC,rdkit_fp,1000,50,0.03,0.779239846359987,0.766388599074852,0.790219056689718,0.781111883315391
data_chagas,SVC,rdkit_fp,1000,50,0.01,0.7732843670856733,0.7576587847507549,0.7868648805333555,0.7753294359729093
data_chagas,SVC,rdkit_fp,1500,50,1.0,0.789512947308623,0.7831026618778104,0.7945082176226105,0.7909279624254483
data_chagas,SVC,rdkit_fp,1500,50,0.1,0.7727581363407314,0.7635379061371842,0.7754075029804002,0.7793289999046102
data_chagas,SVC,rdkit_fp,1500,50,0.03,0.7594337978320947,0.7526706491731838,0.7583140633479428,0.7673166809751575
data_chagas,SVC,rdkit_fp,1500,50,0.01,0.7554374553213616,0.7487766257028633,0.7561673034298031,0.7613684368314187
data_chagas,SVC,rdkit_fp,2000,50,1.0,0.7946463089885503,0.7861887966613422,0.7980258526559887,0.7997242776483201
data_chagas,SVC,rdkit_fp,2000,50,0.1,0.7778840748323133,0.7641842170866149,0.7789011640451494,0.7905668433651754
data_chagas,SVC,rdkit_fp,2000,50,0.03,0.7683928854827287,0.7550666161928592,0.7681848000679989,0.7819272401873278
data_chagas,SVC,rdkit_fp,2000,50,0.01,0.7678196892562217,0.7544526207908999,0.764126661014622,0.7848797859631431
data_chagas,SVC,cdk_fp,1000,100,1.0,0.7755800143659348,0.7691838939311401,0.7771619615937023,0.7803941875729621
data_chagas,SVC,cdk_fp,1000,100,0.1,0.7654431366074137,0.7519597071288098,0.7832034016882032,0.7611663010052283
data_chagas,SVC,cdk_fp,1000,100,0.03,0.7532299810937683,0.7398713841210633,0.7686250493100946,0.7511935098501469
data_chagas,SVC,cdk_fp,1000,100,0.01,0.7469771660329526,0.7329720147358897,0.7646606266795402,0.7432988566834281
data_chagas,SVC,cdk_fp,1500,100,1.0,0.7843729967773504,0.7678358739508986,0.7837918536454598,0.8014912627356927
data_chagas,SVC,cdk_fp,1500,100,0.1,0.76798169520527,0.7497460921270092,0.7686446643753365,0.7855543291134641
data_chagas,SVC,cdk_fp,1500,100,0.03,0.7591685272984439,0.7426435964434431,0.7568843430369788,0.7779776424149097
data_chagas,SVC,cdk_fp,1500,100,0.01,0.7539468599159558,0.7363559142068381,0.7574139497985095,0.7680707157425198
data_chagas,SVC,cdk_fp,2000,100,1.0,0.7868534605142035,0.7753838625388941,0.7990044264663895,0.786172092537327
data_chagas,SVC,cdk_fp,2000,100,0.1,0.7611116102175812,0.7477840767448087,0.7785611695809567,0.7569895843269785
data_chagas,SVC,cdk_fp,2000,100,0.03,0.7480874702817172,0.7386133860230641,0.7687231246363039,0.7369259001857833
data_chagas,SVC,cdk_fp,2000,100,0.01,0.7461738916175782,0.7375769802505842,0.7679842905121931,0.7329604040899573
data_chagas,SVC,rdkit_fp,1000,100,1.0,0.7916243667043024,0.7830564968099937,0.7953560243313988,0.7964605789715148
data_chagas,SVC,rdkit_fp,1000,100,0.1,0.785495833001953,0.7730640678811157,0.7950051326087384,0.7884182985160052
data_chagas,SVC,rdkit_fp,1000,100,0.03,0.7761419674897445,0.762593830500337,0.7867733435622267,0.7790587284066701
data_chagas,SVC,rdkit_fp,1000,100,0.01,0.7690770864320509,0.7539840453525628,0.7801412720587755,0.7731059418848146
data_chagas,SVC,rdkit_fp,1500,100,1.0,0.789606382289895,0.7834373586194798,0.7946673175962391,0.7907144706539662
data_chagas,SVC,rdkit_fp,1500,100,0.1,0.7711752111151196,0.7623237648536104,0.7736966334009691,0.7775052350907793
data_chagas,SVC,rdkit_fp,1500,100,0.03,0.7554288762074803,0.7496676115117215,0.7516689151343308,0.7649501019763887
data_chagas,SVC,rdkit_fp,1500,100,0.01,0.7482227151739403,0.7436776939625324,0.7455838860059587,0.75540656555333
data_chagas,SVC,rdkit_fp,2000,100,1.0,0.7946145682130163,0.786468095321632,0.7976967554502636,0.7996788538671535
data_chagas,SVC,rdkit_fp,2000,100,0.1,0.7754884277570029,0.7630577894318928,0.777521571123137,0.7858859227159786
data_chagas,SVC,rdkit_fp,2000,100,0.03,0.7641211440368371,0.7501223374297137,0.7635207734438171,0.7787203212369804
data_chagas,SVC,rdkit_fp,2000,100,0.01,0.7628368891179781,0.7481049239661333,0.7616377271805957,0.7787680162072051
data_lipinski,SVC,cdk_fp,1000,10,1.0,0.6713416195575116,0.6843243243243244,0.7126436781609196,0.6170568561872909
data_lipinski,SVC,cdk_fp,1000,10,0.1,0.6628339412722222,0.6870270270270271,0.6890166028097063,0.6124581939799331
data_lipinski,SVC,cdk_fp,1000,10,0.03,0.6714053302908873,0.6897297297297298,0.7132822477650064,0.6112040133779263
data_lipinski,SVC,cdk_fp,1000,10,0.01,0.6717090605771265,0.6891891891891893,0.7126436781609196,0.6132943143812708
data_lipinski,SVC,cdk_fp,1500,10,1.0,0.6821324723023873,0.751891891891892,0.6966794380587483,0.5978260869565217
data_lipinski,SVC,cdk_fp,1500,10,0.1,0.6849219936501296,0.7556756756756757,0.7075351213282248,0.5915551839464883
data_lipinski,SVC,cdk_fp,1500,10,0.03,0.682290231645554,0.7470270270270272,0.7145593869731801,0.5852842809364549
data_lipinski,SVC,cdk_fp,1500,10,0.01,0.6802351694330705,0.7470270270270272,0.7088122605363986,0.5848662207357859
data_lipinski,SVC,cdk_fp,2000,10,1.0,0.6818281640345607,0.7643243243243244,0.6519795657726692,0.629180602006689
data_lipinski,SVC,cdk_fp,2000,10,0.1,0.6690678982907868,0.7351351351351351,0.6462324393358876,0.6258361204013378
data_lipinski,SVC,cdk_fp,2000,10,0.03,0.6715832655013065,0.7437837837837838,0.6430395913154535,0.6279264214046824
data_lipinski,SVC,cdk_fp,2000,10,0.01,0.6714520625265253,0.7448648648648649,0.6424010217113667,0.6270903010033444
data_lipinski,SVC,rdkit_fp,1000,10,1.0,0.705546526613493,0.732972972972973,0.7611749680715197,0.6224916387959866
data_lipinski,SVC,rdkit_fp,1000,10,0.1,0.703953486027449,0.7302702702702702,0.7503192848020434,0.6312709030100334
data_lipinski,SVC,rdkit_fp,1000,10,0.03,0.6972660901396532,0.7286486486486486,0.7477650063856961,0.6153846153846153
data_lipinski,SVC,rdkit_fp,1000,10,0.01,0.6974376223376721,0.727027027027027,0.7503192848020435,0.6149665551839465
data_lipinski,SVC,rdkit_fp,1500,10,1.0,0.7078119920173893,0.7291891891891893,0.7567049808429119,0.6375418060200669
data_lipinski,SVC,rdkit_fp,1500,10,0.1,0.7051779411749426,0.7356756756756757,0.7586206896551725,0.6212374581939799
data_lipinski,SVC,rdkit_fp,1500,10,0.03,0.7081767959479103,0.7383783783783783,0.759897828863346,0.6262541806020065
data_lipinski,SVC,rdkit_fp,1500,10,0.01,0.7037043955884534,0.728108108108108,0.7592592592592592,0.6237458193979933
data_lipinski,SVC,rdkit_fp,2000,10,1.0,0.7287103554944633,0.7562162162162162,0.7873563218390804,0.6425585284280937
data_lipinski,SVC,rdkit_fp,2000,10,0.1,0.7345452956897234,0.7540540540540542,0.8116219667943806,0.6379598662207357
data_lipinski,SVC,rdkit_fp,2000,10,0.03,0.7318925653058586,0.7497297297297297,0.8071519795657727,0.6387959866220735
data_lipinski,SVC,rdkit_fp,2000,10,0.01,0.7317282630725909,0.7454054054054055,0.8109833971902937,0.6387959866220735
data_lipinski,SVC,cdk_fp,1000,50,1.0,0.6672686897099691,0.6870270270270271,0.7081736909323115,0.6066053511705687
data_lipinski,SVC,cdk_fp,1000,50,0.1,0.6593504795303895,0.6627027027027028,0.7049808429118773,0.6103678929765886
data_lipinski,SVC,cdk_fp,1000,50,0.03,0.6664578914054178,0.6670270270270271,0.7203065134099617,0.6120401337792644
data_lipinski,SVC,cdk_fp,1000,50,0.01,0.6696925613192479,0.6697297297297298,0.7260536398467432,0.6132943143812709
data_lipinski,SVC,cdk_fp,1500,50,1.0,0.6760614835802242,0.731891891891892,0.7030651340996169,0.5932274247491639
data_lipinski,SVC,cdk_fp,1500,50,0.1,0.6827457448222065,0.7367567567567568,0.710727969348659,0.600752508361204
data_lipinski,SVC,cdk_fp,1500,50,0.03,0.6786065418049426,0.7335135135135137,0.7120051085568327,0.5903010033444817
data_lipinski,SVC,cdk_fp,1500,50,0.01,0.6755270285854993,0.731891891891892,0.706896551724138,0.5877926421404682
data_lipinski,SVC,cdk_fp,2000,50,1.0,0.675857617506793,0.7529729729729729,0.6475095785440613,0.6270903010033446
data_lipinski,SVC,cdk_fp,2000,50,0.1,0.6677418565299625,0.7286486486486488,0.6462324393358876,0.6283444816053512
data_lipinski,SVC,cdk_fp,2000,50,0.03,0.672361760715084,0.74,0.6462324393358877,0.6308528428093645
data_lipinski,SVC,cdk_fp,2000,50,0.01,0.6710423020567948,0.7362162162162162,0.6481481481481481,0.6287625418060201
data_lipinski,SVC,rdkit_fp,1000,50,1.0,0.6929562753850609,0.7340540540540541,0.739463601532567,0.6053511705685618
data_lipinski,SVC,rdkit_fp,1000,50,0.1,0.6882863242283532,0.7237837837837838,0.7407407407407408,0.6003344481605352
data_lipinski,SVC,rdkit_fp,1000,50,0.03,0.691749579318295,0.7324324324324325,0.7445721583652618,0.5982441471571907
data_lipinski,SVC,rdkit_fp,1000,50,0.01,0.6880642475020285,0.7254054054054054,0.7413793103448275,0.5974080267558528
data_lipinski,SVC,rdkit_fp,1500,50,1.0,0.7015995448029431,0.7162162162162161,0.743933588761175,0.6446488294314381
data_lipinski,SVC,rdkit_fp,1500,50,0.1,0.7024198274698025,0.7135135135135136,0.7637292464878672,0.6300167224080268
data_lipinski,SVC,rdkit_fp,1500,50,0.03,0.6999392014934244,0.7037837837837838,0.7630906768837803,0.6329431438127091
data_lipinski,SVC,rdkit_fp,1500,50,0.01,0.7026812383059259,0.7091891891891893,0.768837803320562,0.6300167224080268
data_lipinski,SVC,rdkit_fp,2000,50,1.0,0.720485553981306,0.7513513513513514,0.7784163473818646,0.6316889632107022
data_lipinski,SVC,rdkit_fp,2000,50,0.1,0.7236671169304852,0.7535135135135135,0.793742017879949,0.6237458193979932
data_lipinski,SVC,rdkit_fp,2000,50,0.03,0.7296736984168268,0.7464864864864865,0.8033205619412516,0.6392140468227425
data_lipinski,SVC,rdkit_fp,2000,50,0.01,0.7267483467783318,0.7437837837837838,0.8026819923371648,0.633779264214047
data_lipinski,SVC,cdk_fp,1000,100,1.0,0.6685141476770662,0.6897297297297298,0.7075351213282248,0.608277591973244
data_lipinski,SVC,cdk_fp,1000,100,0.1,0.6562628905382528,0.6551351351351352,0.7037037037037037,0.6099498327759196
data_lipinski,SVC,cdk_fp,1000,100,0.03,0.6677355281703108,0.6681081081081083,0.7222222222222222,0.612876254180602
data_lipinski,SVC,cdk_fp,1000,100,0.01,0.669692561319248,0.6697297297297298,0.7260536398467433,0.6132943143812708
data_lipinski,SVC,cdk_fp,1500,100,1.0,0.6750059235416557,0.7291891891891893,0.7005108556832695,0.5953177257525083
data_lipinski,SVC,cdk_fp,1500,100,0.1,0.6813788016286766,0.7345945945945945,0.7075351213282247,0.6020066889632106
data_lipinski,SVC,cdk_fp,1500,100,0.03,0.6773947553057997,0.7324324324324326,0.7094508301404854,0.5903010033444815
data_lipinski,SVC,cdk_fp,1500,100,0.01,0.674282565731841,0.7313513513513514,0.7037037037037037,0.5877926421404682
data_lipinski,SVC,cdk_fp,2000,100,1.0,0.6728842837763378,0.7508108108108109,0.6436781609195402,0.6241638795986623
data_lipinski,SVC,cdk_fp,2000,100,0.1,0.6690776906918835,0.7297297297297298,0.6462324393358876,0.6312709030100334
data_lipinski,SVC,cdk_fp,2000,100,0.03,0.6723290843605687,0.7405405405405406,0.6455938697318008,0.6308528428093645
data_lipinski,SVC,cdk_fp,2000,100,0.01,0.6710423020567948,0.7362162162162162,0.6481481481481481,0.6287625418060201
data_lipinski,SVC,rdkit_fp,1000,100,1.0,0.6922181840472694,0.7324324324324325,0.7413793103448276,0.6028428093645484
data_lipinski,SVC,rdkit_fp,1000,100,0.1,0.6858051260425074,0.7178378378378378,0.7388250319284803,0.6007525083612041
data_lipinski,SVC,rdkit_fp,1000,100,0.03,0.6931088696431025,0.7345945945945946,0.7464878671775224,0.5982441471571905
data_lipinski,SVC,rdkit_fp,1000,100,0.01,0.6892520056288172,0.7291891891891892,0.7407407407407408,0.5978260869565217
data_lipinski,SVC,rdkit_fp,1500,100,1.0,0.7003954111725226,0.7151351351351352,0.7426564495530013,0.6433946488294314
data_lipinski,SVC,rdkit_fp,1500,100,0.1,0.7031247448963591,0.7145945945945946,0.7630906768837803,0.6316889632107024
data_lipinski,SVC,rdkit_fp,1500,100,0.03,0.6999392014934245,0.7037837837837838,0.7630906768837804,0.6329431438127091
data_lipinski,SVC,rdkit_fp,1500,100,0.01,0.7020426687018391,0.7091891891891892,0.7669220945083014,0.6300167224080268
data_lipinski,SVC,rdkit_fp,2000,100,1.0,0.7184621730098991,0.7486486486486487,0.7771392081736909,0.6295986622073579
data_lipinski,SVC,rdkit_fp,2000,100,0.1,0.7216697545583102,0.7524324324324325,0.7879948914431673,0.624581939799331
data_lipinski,SVC,rdkit_fp,2000,100,0.03,0.7291167823726543,0.7475675675675676,0.801404853128991,0.6383779264214047
data_lipinski,SVC,rdkit_fp,2000,100,0.01,0.726928526958512,0.7443243243243244,0.8026819923371646,0.6337792642140468
data_herg,SVC,cdk_fp,1000,10,1.0,0.8406400269018193,0.83677398989899,0.8410901467505241,0.8440559440559441
data_herg,SVC,cdk_fp,1000,10,0.1,0.8210282495886632,0.8232007575757575,0.8235849056603775,0.8162990855298548
data_herg,SVC,cdk_fp,1000,10,0.03,0.8167670092969439,0.8194128787878788,0.8261006289308175,0.8047875201721356
data_herg,SVC,cdk_fp,1000,10,0.01,0.8170478591786647,0.8158775252525253,0.8253144654088052,0.8099515868746637
data_herg,SVC,cdk_fp,1500,10,1.0,0.8351045941439628,0.846685606060606,0.8328616352201257,0.8257665411511564
data_herg,SVC,cdk_fp,1500,10,0.1,0.8265320285866367,0.8339330808080807,0.8288259958071279,0.8168370091447015
data_herg,SVC,cdk_fp,1500,10,0.03,0.8257627503590856,0.835385101010101,0.8265723270440253,0.8153308230231308
data_herg,SVC,cdk_fp,1500,10,0.01,0.8247177909777692,0.8350694444444444,0.8253668763102726,0.8137170521785906
data_herg,SVC,cdk_fp,2000,10,1.0,0.8303075353193277,0.8406250000000001,0.8244234800838574,0.8258741258741258
data_herg,SVC,cdk_fp,2000,10,0.1,0.8242796191136176,0.8334280303030303,0.8252096436058701,0.8142011834319526
data_herg,SVC,cdk_fp,2000,10,0.03,0.824398365939549,0.8333648989898991,0.8235849056603775,0.8162452931683701
data_herg,SVC,cdk_fp,2000,10,0.01,0.8237183234507254,0.8306502525252525,0.8224842767295596,0.8180204410973643
data_herg,SVC,rdkit_fp,1000,10,1.0,0.8341378470142985,0.8275568181818184,0.8375786163522013,0.8372781065088758
data_herg,SVC,rdkit_fp,1000,10,0.1,0.8295804809003285,0.8211174242424243,0.8303459119496855,0.8372781065088758
data_herg,SVC,rdkit_fp,1000,10,0.03,0.829535881826339,0.8216856060606059,0.8284067085953879,0.8385153308230231
data_herg,SVC,rdkit_fp,1000,10,0.01,0.8242264376018005,0.8074179292929292,0.8281446540880503,0.8371167294244217
data_herg,SVC,rdkit_fp,1500,10,1.0,0.8327837859541415,0.8269255050505051,0.8514150943396226,0.820010758472297
data_herg,SVC,rdkit_fp,1500,10,0.1,0.8252032520038688,0.8172664141414142,0.84979035639413,0.8085529854760625
data_herg,SVC,rdkit_fp,1500,10,0.03,0.8222085756057089,0.8124684343434343,0.8473794549266247,0.8067778375470681
data_herg,SVC,rdkit_fp,1500,10,0.01,0.8215734658087707,0.8125946969696971,0.8448637316561844,0.8072619688004303
data_herg,SVC,rdkit_fp,2000,10,1.0,0.8288983826674321,0.8300820707070709,0.8317610062893083,0.8248520710059171
data_herg,SVC,rdkit_fp,2000,10,0.1,0.8230771662420793,0.8263573232323234,0.8264675052410901,0.8164066702528241
data_herg,SVC,rdkit_fp,2000,10,0.03,0.8213256581952155,0.8229482323232322,0.8250524109014676,0.8159763313609467
data_herg,SVC,rdkit_fp,2000,10,0.01,0.8211482885965833,0.8242739898989899,0.8241090146750524,0.8150618612157075
data_herg,SVC,cdk_fp,1000,50,1.0,0.8317480339568509,0.8361426767676766,0.8291928721174003,0.8299085529854761
data_herg,SVC,cdk_fp,1000,50,0.1,0.8010139646342478,0.8009154040404041,0.8091194968553461,0.7930069930069931
data_herg,SVC,cdk_fp,1000,50,0.03,0.7996123912170718,0.8051452020202021,0.8127882599580711,0.7809037116729425
data_herg,SVC,cdk_fp,1000,50,0.01,0.794195768719535,0.797253787878788,0.8115303983228512,0.7738031199569662
data_herg,SVC,cdk_fp,1500,50,1.0,0.8264823195202367,0.8469381313131312,0.8258385744234801,0.8066702528240989
data_herg,SVC,cdk_fp,1500,50,0.1,0.8219219250015694,0.8384154040404039,0.8235849056603773,0.8037654653039268
data_herg,SVC,cdk_fp,1500,50,0.03,0.8197138773109383,0.8352588383838383,0.8245283018867926,0.7993544916621839
data_herg,SVC,cdk_fp,1500,50,0.01,0.8199657094840331,0.8383522727272728,0.8254716981132076,0.7960731576116191
data_herg,SVC,cdk_fp,2000,50,1.0,0.8266415257389493,0.8444128787878786,0.8221174004192872,0.8133942980096825
data_herg,SVC,cdk_fp,2000,50,0.1,0.819137028475744,0.8418244949494949,0.8188679245283019,0.7967186659494351
data_herg,SVC,cdk_fp,2000,50,0.03,0.8190967499884407,0.8400568181818181,0.8196540880503145,0.7975793437331898
data_herg,SVC,cdk_fp,2000,50,0.01,0.8174362491443405,0.8366477272727272,0.8201257861635219,0.7955352339967724
data_herg,SVC,rdkit_fp,1000,50,1.0,0.8349796495433288,0.8347537878787878,0.8352201257861638,0.834965034965035
data_herg,SVC,rdkit_fp,1000,50,0.1,0.8120255142978292,0.8147411616161615,0.8211740041928721,0.8001613770844541
data_herg,SVC,rdkit_fp,1000,50,0.03,0.8110689331162844,0.8190340909090907,0.8214884696016771,0.7926842388380851
data_herg,SVC,rdkit_fp,1000,50,0.01,0.8079462555197315,0.8113320707070707,0.8173480083857442,0.7951586874663796
data_herg,SVC,rdkit_fp,1500,50,1.0,0.8251284182207621,0.8208017676767676,0.8475366876310272,0.8070467993544915
data_herg,SVC,rdkit_fp,1500,50,0.1,0.8158286619779727,0.8207386363636364,0.8301362683438156,0.7966110812264658
data_herg,SVC,rdkit_fp,1500,50,0.03,0.8155289016002005,0.8199179292929294,0.8290356394129978,0.7976331360946743
data_herg,SVC,rdkit_fp,1500,50,0.01,0.8131089689553042,0.8211805555555555,0.8237945492662475,0.7943518020441097
data_herg,SVC,rdkit_fp,2000,50,1.0,0.821286547370546,0.8265467171717172,0.8252096436058701,0.8121032813340506
data_herg,SVC,rdkit_fp,2000,50,0.1,0.813960542729592,0.8222537878787879,0.8206498951781971,0.7989779451317913
data_herg,SVC,rdkit_fp,2000,50,0.03,0.816098368552106,0.823074494949495,0.8268343815513629,0.79838622915546
data_herg,SVC,rdkit_fp,2000,50,0.01,0.8149707518130958,0.8216224747474747,0.8225366876310274,0.8007530930607853
data_herg,SVC,cdk_fp,1000,100,1.0,0.8315402346470924,0.8397411616161616,0.8261006289308177,0.8287789133942979
data_herg,SVC,cdk_fp,1000,100,0.1,0.8022446622546404,0.8017992424242425,0.8087002096436059,0.7962345346960731
data_herg,SVC,cdk_fp,1000,100,0.03,0.7985224357094822,0.8023042929292928,0.8127358490566039,0.7805271651425498
data_herg,SVC,cdk_fp,1000,100,0.01,0.7957558599748367,0.7980113636363637,0.8116876310272536,0.7775685852608929
data_herg,SVC,cdk_fp,1500,100,1.0,0.8259597211837778,0.8471275252525251,0.8251572327044026,0.8055944055944056
data_herg,SVC,cdk_fp,1500,100,0.1,0.821741743145045,0.8386679292929293,0.8230607966457022,0.8034965034965035
data_herg,SVC,cdk_fp,1500,100,0.03,0.820322175506319,0.8369002525252524,0.8236897274633123,0.8003765465303927
data_herg,SVC,cdk_fp,1500,100,0.01,0.8197766491625345,0.838415404040404,0.824895178197065,0.7960193652501345
data_herg,SVC,cdk_fp,2000,100,1.0,0.826987581473249,0.8450441919191918,0.8230083857442348,0.8129101667563206
data_herg,SVC,cdk_fp,2000,100,0.1,0.8192314164964745,0.842013888888889,0.819392033542977,0.7962883270575577
data_herg,SVC,cdk_fp,2000,100,0.03,0.8200133017213931,0.8401830808080807,0.820125786163522,0.7997310381925766
data_herg,SVC,cdk_fp,2000,100,0.01,0.8191184774412277,0.8380366161616162,0.8221698113207546,0.7971490048413126
data_herg,SVC,rdkit_fp,1000,100,1.0,0.836807885007268,0.8392992424242424,0.8363207547169812,0.8348036578805809
data_herg,SVC,rdkit_fp,1000,100,0.1,0.8121384392565452,0.8173295454545453,0.8208071278825997,0.7982786444324906
data_herg,SVC,rdkit_fp,1000,100,0.03,0.8121795212461032,0.8230113636363634,0.8214884696016772,0.792038730500269
data_herg,SVC,rdkit_fp,1000,100,0.01,0.8096800254320211,0.8173926767676767,0.8172955974842767,0.7943518020441098
data_herg,SVC,rdkit_fp,1500,100,1.0,0.8254862704019091,0.8209911616161618,0.8466457023060797,0.8088219472834857
data_herg,SVC,rdkit_fp,1500,100,0.1,0.8153019192614621,0.8209280303030304,0.8299266247379455,0.7950511027434105
data_herg,SVC,rdkit_fp,1500,100,0.03,0.8161822429102907,0.8215593434343434,0.8291928721174003,0.7977945131791286
data_herg,SVC,rdkit_fp,1500,100,0.01,0.8142528460425775,0.8242108585858586,0.8248951781970651,0.7936525013448089
data_herg,SVC,rdkit_fp,2000,100,1.0,0.8199629371663116,0.8259785353535354,0.8236897274633124,0.810220548682087
data_herg,SVC,rdkit_fp,2000,100,0.1,0.813093382891097,0.8225694444444446,0.819077568134172,0.7976331360946746
data_herg,SVC,rdkit_fp,2000,100,0.03,0.8159576217404592,0.8233901515151516,0.8262578616352201,0.7982248520710058
data_herg,SVC,rdkit_fp,2000,100,0.01,0.814703678940798,0.8218749999999999,0.8216981132075473,0.8005379236148467
