name,method,feature,depth,trees,auc,f1,f2,f3
data_tuberculosis,RFC,cdk_fp,5,10,0.6178372641779772,0.6254489164086688,0.6176803539019963,0.6103825222232667
data_tuberculosis,RFC,rdkit_fp,5,10,0.6074051492577592,0.6007026517700903,0.5973173774954628,0.6241954185077246
data_tuberculosis,RFC,cdk_desc,5,10,0.6703845786446421,0.6586571543949389,0.6685798548094375,0.68391672672955
data_tuberculosis,RFC,rdkit_desc,5,10,0.6497057095590291,0.639928388746803,0.6499954627949184,0.659193277135366
data_tuberculosis,RFC,cdk_fp,5,20,0.629420846246485,0.6342533315385652,0.6260350499092558,0.6279741572916339
data_tuberculosis,RFC,rdkit_fp,5,20,0.6399004081647042,0.6304821644905102,0.6484165154264974,0.6408025445771052
data_tuberculosis,RFC,cdk_desc,5,20,0.6662946645865473,0.6568717189392919,0.6623281533575317,0.6796841214628186
data_tuberculosis,RFC,rdkit_desc,5,20,0.6542695966318833,0.6406811145510838,0.651227881125227,0.6708997942193393
data_tuberculosis,RFC,cdk_fp,5,30,0.6606966882412969,0.6713000403822854,0.6497374092558984,0.661052615085707
data_tuberculosis,RFC,rdkit_fp,5,30,0.6475582641806785,0.6488464127069592,0.6508348457350273,0.642993534100049
data_tuberculosis,RFC,cdk_desc,5,30,0.6733749561263128,0.6619318885448917,0.6709545145190561,0.6872384653149906
data_tuberculosis,RFC,rdkit_desc,5,30,0.6551346679302009,0.6481464530892447,0.6590409482758621,0.6582166024254961
data_tuberculosis,RFC,cdk_fp,5,40,0.6637159166175883,0.6818801992192758,0.6644606397459164,0.6448069108875728
data_tuberculosis,RFC,rdkit_fp,5,40,0.6511333954768646,0.6436123300578813,0.6625737295825772,0.6472141267901353
data_tuberculosis,RFC,cdk_desc,5,40,0.6737114788651395,0.6574489164086688,0.6777506805807622,0.6859348396059877
data_tuberculosis,RFC,rdkit_desc,5,40,0.6600167807661448,0.6464778570467087,0.6606357758620689,0.6729367093896569
data_tuberculosis,RFC,cdk_fp,5,50,0.6585295842342906,0.6507260734957597,0.6616702586206896,0.6631924205864226
data_tuberculosis,RFC,rdkit_fp,5,50,0.6561028412717912,0.6595374882218333,0.6606335072595282,0.6481375283340124
data_tuberculosis,RFC,cdk_desc,5,50,0.6756324827193787,0.6618425090860143,0.6756641333938294,0.6893908056782929
data_tuberculosis,RFC,rdkit_desc,5,50,0.6566820911149359,0.6413773051554719,0.6569941016333939,0.6716748665559422
data_tuberculosis,RFC,cdk_fp,10,10,0.6470506851729773,0.656678960829183,0.6505166742286751,0.6339564204610739
data_tuberculosis,RFC,rdkit_fp,10,10,0.6276170854727973,0.6361900659577333,0.6158280399274048,0.630833150533254
data_tuberculosis,RFC,cdk_desc,10,10,0.6627705446342547,0.6573498452012385,0.676299342105263,0.6546624465962626
data_tuberculosis,RFC,rdkit_desc,10,10,0.6490165878796478,0.6520323058285099,0.6422958257713247,0.6527216320391088
data_tuberculosis,RFC,cdk_fp,10,20,0.6515808536111839,0.6520990712074304,0.6498638838475498,0.6527796057785717
data_tuberculosis,RFC,rdkit_fp,10,20,0.653698283841714,0.6436591735092206,0.6671160390199639,0.6503196389959575
data_tuberculosis,RFC,cdk_desc,10,20,0.6731910317293928,0.6630179028132992,0.6714575771324863,0.685097615242393
data_tuberculosis,RFC,rdkit_desc,10,20,0.6682176726913621,0.6558826221564141,0.6664711887477313,0.6822992071699414
data_tuberculosis,RFC,cdk_fp,10,30,0.6729290250700564,0.6747443801319156,0.6764808303085299,0.6675618647697239
data_tuberculosis,RFC,rdkit_fp,10,30,0.6694707003692539,0.6676451743168664,0.6754905852994555,0.6652763414914398
data_tuberculosis,RFC,cdk_desc,10,30,0.6791651123931058,0.6809390227486878,0.6702569192377495,0.6862993951928802
data_tuberculosis,RFC,rdkit_desc,10,30,0.671291307191146,0.669005788127608,0.6729316016333936,0.6719365318124367
data_tuberculosis,RFC,cdk_fp,10,40,0.6883298519159182,0.7039504643962847,0.6875419691470053,0.6734971222044644
data_tuberculosis,RFC,rdkit_fp,10,40,0.6606179398110683,0.6634394938753534,0.6610469600725954,0.657367365485256
data_tuberculosis,RFC,cdk_desc,10,40,0.6907141450078889,0.682834298021268,0.7006187613430127,0.688689375659386
data_tuberculosis,RFC,rdkit_desc,10,40,0.6739357430889366,0.6631018979674249,0.6799336433756805,0.6787716879237047
data_tuberculosis,RFC,cdk_fp,10,50,0.6726529247771471,0.6774370709382151,0.6759097096188748,0.6646119937743517
data_tuberculosis,RFC,rdkit_fp,10,50,0.6654915123412606,0.6741817202853683,0.6659789019963703,0.6563139147420431
data_tuberculosis,RFC,cdk_desc,10,50,0.6881708393796045,0.6786361556064072,0.6880234800362975,0.697852882496109
data_tuberculosis,RFC,rdkit_desc,10,50,0.671126925124956,0.663798088571813,0.6713520871143376,0.6782305996887177
data_tuberculosis,RFC,cdk_fp,15,10,0.660606584129123,0.6602331403957464,0.6687641787658801,0.6528224332257425
data_tuberculosis,RFC,rdkit_fp,15,10,0.635648914520283,0.6496072149683673,0.6180490018148821,0.6392905267776002
data_tuberculosis,RFC,cdk_desc,15,10,0.6461783681413135,0.6391821241082245,0.6609743647912886,0.6383786155244274
data_tuberculosis,RFC,rdkit_desc,15,10,0.6485885052555932,0.6635595638713152,0.6437108666061705,0.6384950852892942
data_tuberculosis,RFC,cdk_fp,15,20,0.6640586926528056,0.6643192892717726,0.6583274727767695,0.6695293159098744
data_tuberculosis,RFC,rdkit_fp,15,20,0.6631341811893068,0.6668972943868623,0.6684794691470053,0.654025780034053
data_tuberculosis,RFC,cdk_desc,15,20,0.670124295599622,0.6684781262619465,0.6689371597096189,0.6729576008273008
data_tuberculosis,RFC,rdkit_desc,15,20,0.6640717238297547,0.6550394400323059,0.6636530172413793,0.6735227142155787
data_tuberculosis,RFC,cdk_fp,15,30,0.6845799831480892,0.6957937811280118,0.6802932168784029,0.6776529514378532
data_tuberculosis,RFC,rdkit_fp,15,30,0.6767278673854387,0.6742576389823665,0.682188067150635,0.6737378960233147
data_tuberculosis,RFC,cdk_desc,15,30,0.6734752612043464,0.6812028536815183,0.6596631125226861,0.6795598174088348
data_tuberculosis,RFC,rdkit_desc,15,30,0.6656710252260519,0.6553458069726746,0.6661603901996369,0.6755068785058442
data_tuberculosis,RFC,cdk_fp,15,40,0.6983377995438369,0.7155084129761744,0.6973525408348459,0.6821524448204903
data_tuberculosis,RFC,rdkit_fp,15,40,0.6709661051018202,0.6766563467492261,0.6650141787658801,0.6712277897903545
data_tuberculosis,RFC,cdk_desc,15,40,0.6889745145573667,0.6837953964194372,0.6888560571687841,0.694272090083879
data_tuberculosis,RFC,rdkit_desc,15,40,0.6659696679227198,0.66014699151972,0.6759567831215971,0.6618052291268423
data_tuberculosis,RFC,cdk_fp,15,50,0.687113206766478,0.6954201103782475,0.6868443738656989,0.6790751360554876
data_tuberculosis,RFC,rdkit_fp,15,50,0.6771626145750016,0.688793646520393,0.6776962341197822,0.6649979630848296
data_tuberculosis,RFC,cdk_desc,15,50,0.6830770635859211,0.6801771436263293,0.6831970281306716,0.6858570190007628
data_tuberculosis,RFC,rdkit_desc,15,50,0.6724049056318391,0.6608431821241081,0.6788084165154264,0.6775631182559827
data_tuberculosis,RFC,cdk_fp,20,10,0.6666507833848256,0.6597663211737784,0.682989450998185,0.6571965779825137
data_tuberculosis,RFC,rdkit_fp,20,10,0.6468047166978147,0.6575108359133127,0.6360072595281308,0.6468960546520008
data_tuberculosis,RFC,cdk_desc,20,10,0.6402653600537842,0.6415528334903755,0.6530098684210528,0.6262333782499243
data_tuberculosis,RFC,rdkit_desc,20,10,0.6437360064636737,0.6565115089514066,0.6398020644283121,0.6348944460113022
data_tuberculosis,RFC,cdk_fp,20,20,0.6742912803491445,0.6715347960694577,0.6732656533575316,0.6780733916204446
data_tuberculosis,RFC,rdkit_fp,20,20,0.6649907691298109,0.6686305020864182,0.66539416969147,0.6609476356115446
data_tuberculosis,RFC,cdk_desc,20,20,0.6661262685329908,0.6701596446358864,0.6638656987295827,0.6643534622335038
data_tuberculosis,RFC,rdkit_desc,20,20,0.6584908463523443,0.6568065688517969,0.6546546052631579,0.6640113649420784
data_tuberculosis,RFC,cdk_fp,20,30,0.6896836144654813,0.6986388477587829,0.6880960753176045,0.6823159203200568
data_tuberculosis,RFC,rdkit_fp,20,30,0.6842619369650618,0.6832408130300175,0.6859040381125227,0.6836409597526452
data_tuberculosis,RFC,cdk_desc,20,30,0.6688700338312544,0.6727511105128551,0.6607781306715064,0.6730808603094022
data_tuberculosis,RFC,rdkit_desc,20,30,0.6603104156281667,0.6473161932965406,0.6597345735027224,0.6738804800852372
data_tuberculosis,RFC,cdk_fp,20,40,0.6998298109921821,0.7193808049535604,0.7006522232304899,0.6794564047924959
data_tuberculosis,RFC,rdkit_fp,20,40,0.6798005757724878,0.6885508143760938,0.6786360027223229,0.6722149102190466
data_tuberculosis,RFC,cdk_desc,20,40,0.6865809512741118,0.6815436801722978,0.6827864110707803,0.695412762579257
data_tuberculosis,RFC,rdkit_desc,20,40,0.6626241342960819,0.6578963521335309,0.6723553765880218,0.6576206741666929
data_tuberculosis,RFC,cdk_fp,20,50,0.6926501136883357,0.7004899717323999,0.7000414019963703,0.6774189673362373
data_tuberculosis,RFC,rdkit_fp,20,50,0.6874428234186337,0.6981774128415668,0.6844544010889293,0.6796966563254051
data_tuberculosis,RFC,cdk_desc,20,50,0.6801634328538935,0.6819421187239199,0.6798287205081669,0.6787194593295938
data_tuberculosis,RFC,rdkit_desc,20,50,0.6719635228442807,0.6612997711670481,0.682396778584392,0.6721940187814025
data_tuberculosis,RFC,cdk_fp,30,10,0.6681221184165343,0.6676500201911428,0.6753419918330309,0.6613743432254291
data_tuberculosis,RFC,rdkit_fp,30,10,0.6592899005735485,0.6728975636021,0.6422946914700545,0.6626774466484912
data_tuberculosis,RFC,cdk_desc,30,10,0.6388819915277859,0.644662807914928,0.6507083711433758,0.6212747955250542
data_tuberculosis,RFC,rdkit_desc,30,10,0.6402000144863587,0.6510125185085476,0.6385015880217786,0.6310859369287499
data_tuberculosis,RFC,cdk_fp,30,20,0.6867989554831554,0.6847661865661596,0.686201225045372,0.6894294548379346
data_tuberculosis,RFC,rdkit_fp,30,20,0.672084893921528,0.6687107282272176,0.6797141560798547,0.667829797457512
data_tuberculosis,RFC,cdk_desc,30,20,0.6655925062985404,0.6703798627002288,0.6655455989110707,0.6608520572843221
data_tuberculosis,RFC,rdkit_desc,30,20,0.6563831187062776,0.6546458473549602,0.6506159255898367,0.6638875831740362
data_tuberculosis,RFC,cdk_fp,30,30,0.6978920750246635,0.709848431821241,0.6933297413793104,0.6904980518734397
data_tuberculosis,RFC,rdkit_fp,30,30,0.6895136986792553,0.6954265715439492,0.697560117967332,0.675554406526485
data_tuberculosis,RFC,cdk_desc,30,30,0.6671347392139616,0.6690908601426842,0.6585441243194192,0.6737692331797814
data_tuberculosis,RFC,rdkit_desc,30,30,0.6594424141320248,0.6471546641539911,0.6584437386569872,0.6727288395850961
data_tuberculosis,RFC,cdk_fp,30,40,0.7025088603352684,0.7217612060842643,0.7005779264972775,0.6851874484242635
data_tuberculosis,RFC,rdkit_fp,30,40,0.6838806097854588,0.6957270157490913,0.6826083257713248,0.6733064878359604
data_tuberculosis,RFC,cdk_desc,30,40,0.6835893833574703,0.6784250908601427,0.6804922867513612,0.6918507724609071
data_tuberculosis,RFC,rdkit_desc,30,40,0.6615254174437053,0.6560059227352268,0.6723786297640654,0.6561916998318239
data_tuberculosis,RFC,cdk_fp,30,50,0.6993472092089286,0.7131613945349308,0.7054389745916516,0.6794412585002035
data_tuberculosis,RFC,rdkit_fp,30,50,0.6903165522455695,0.6980401130703999,0.6892644056261343,0.6836451380401743
data_tuberculosis,RFC,cdk_desc,30,50,0.6790423378812169,0.680675730246332,0.6793477767695102,0.6771035066278088
data_tuberculosis,RFC,rdkit_desc,30,50,0.671758357669495,0.6607349575986002,0.6816702586206895,0.6728698567891951
data_solubility,RFC,cdk_fp,5,10,0.8429584747234179,0.8369482581279908,0.8371178258537457,0.8548093401885175
data_solubility,RFC,rdkit_fp,5,10,0.8401780316086362,0.8532713206028353,0.8495142737946243,0.8177485004284492
data_solubility,RFC,cdk_desc,5,10,0.9630450296532153,0.9481016054738161,0.9817629179331306,0.9592705655526993
data_solubility,RFC,rdkit_desc,5,10,0.975399358567072,0.9691874245337865,0.9795577805590321,0.9774528706083976
data_solubility,RFC,cdk_fp,5,20,0.8589048111522898,0.8327445105317293,0.9172775493175992,0.8266923736075408
data_solubility,RFC,rdkit_fp,5,20,0.8795928469604514,0.8369929788471,0.8990702664044341,0.90271529562982
data_solubility,RFC,cdk_desc,5,20,0.9672167754134763,0.9563972988685658,0.9724059836700638,0.9728470437017994
data_solubility,RFC,rdkit_desc,5,20,0.9717458323182996,0.9624569563078574,0.9800941653257047,0.9726863753213368
data_solubility,RFC,cdk_fp,5,30,0.8761149590012745,0.826192925182237,0.8857798438524346,0.9163721079691518
data_solubility,RFC,rdkit_fp,5,30,0.8894386913459764,0.869639103796789,0.9014243995470529,0.8972525706940874
data_solubility,RFC,cdk_desc,5,30,0.9720904210304725,0.9627252806225124,0.9786638059479111,0.9748821765209941
data_solubility,RFC,rdkit_desc,5,30,0.9804450749371215,0.9781315683556192,0.9862327909887358,0.9769708654670095
data_solubility,RFC,cdk_fp,5,40,0.8914506307543567,0.8476141496355262,0.9365278026104059,0.8902099400171379
data_solubility,RFC,rdkit_fp,5,40,0.8990920059893962,0.8820491033495819,0.8982656892544251,0.9169612253641817
data_solubility,RFC,cdk_desc,5,40,0.9726523820248438,0.9722284334332095,0.976041480421956,0.9696872322193658
data_solubility,RFC,rdkit_desc,5,40,0.9771906961310817,0.9757613702428336,0.9809285416294178,0.974882176520994
data_solubility,RFC,cdk_fp,5,50,0.9266254914529838,0.9144716247037252,0.9420704451993563,0.9233344044558698
data_solubility,RFC,rdkit_fp,5,50,0.8916081971878752,0.8498278252314297,0.9246379402824959,0.9003588260497001
data_solubility,RFC,cdk_desc,5,50,0.9760558931402907,0.9748669558606502,0.9778294296441981,0.975471293916024
data_solubility,RFC,rdkit_desc,5,50,0.9785142114944843,0.9789365412995841,0.9834912688479647,0.973114824335904
data_solubility,RFC,cdk_fp,10,10,0.8976035628441554,0.8850677518894504,0.8859884379283629,0.921754498714653
data_solubility,RFC,rdkit_fp,10,10,0.9138721629194686,0.9204642010643531,0.8914714822099052,0.9296808054841476
data_solubility,RFC,cdk_desc,10,10,0.9561676914618469,0.9448146326192924,0.978663805947911,0.9450246358183376
data_solubility,RFC,rdkit_desc,10,10,0.9667871071782175,0.9616072626447832,0.9738065438941537,0.9649475149957155
data_solubility,RFC,cdk_fp,10,20,0.8924725712841006,0.8706900406958544,0.9243101495917516,0.8824175235646959
data_solubility,RFC,rdkit_fp,10,20,0.914198574047971,0.9017933008362775,0.9173073484713035,0.9234950728363325
data_solubility,RFC,cdk_desc,10,20,0.9626373191926743,0.954943875497518,0.964807199475535,0.9681608826049701
data_solubility,RFC,rdkit_desc,10,20,0.9668486972685724,0.9656097670050533,0.98131593062757,0.9536203941730934
data_solubility,RFC,cdk_fp,10,30,0.9102265353676012,0.9016814990385044,0.9107515346564159,0.9182465724078835
data_solubility,RFC,rdkit_fp,10,30,0.9070223467125779,0.906623138500067,0.8921270635913939,0.9223168380462725
data_solubility,RFC,cdk_desc,10,30,0.9714555319091291,0.9623227941505299,0.9789021991775434,0.9731416023993145
data_solubility,RFC,rdkit_desc,10,30,0.9769792556765357,0.9680246858369482,0.9849514273794624,0.9779616538131963
data_solubility,RFC,cdk_fp,10,40,0.9228475835749774,0.8931845624077636,0.9406698849752667,0.9346883033419023
data_solubility,RFC,rdkit_fp,10,40,0.915086797049746,0.8983274451053173,0.9220454139102451,0.9248875321336761
data_solubility,RFC,cdk_desc,10,40,0.9699837155681801,0.9776620008049728,0.9760712795756601,0.9562178663239075
data_solubility,RFC,rdkit_desc,10,40,0.9772801667708935,0.9772595143329905,0.9822695035460993,0.9723114824335904
data_solubility,RFC,cdk_fp,10,50,0.9426824803452913,0.9280220025938017,0.9592049585791764,0.9408204798628962
data_solubility,RFC,rdkit_fp,10,50,0.912095737628001,0.9062653727471939,0.926396090351034,0.9036257497857754
data_solubility,RFC,cdk_desc,10,50,0.9795022134114215,0.979316667412012,0.9804517551701531,0.9787382176520995
data_solubility,RFC,rdkit_desc,10,50,0.9769858222910518,0.9825589195474264,0.9844150426127898,0.9639835047129391
data_solubility,RFC,cdk_fp,15,10,0.9111100311920942,0.9093063816466169,0.9013052029322367,0.9227185089974294
data_solubility,RFC,rdkit_fp,15,10,0.9091261507113897,0.8864764545413891,0.8968949281840395,0.9440070694087405
data_solubility,RFC,cdk_desc,15,10,0.9493540288723363,0.9390232994946558,0.9715120090589427,0.9375267780634104
data_solubility,RFC,rdkit_desc,15,10,0.9635577426422797,0.9603550825097267,0.9732701591274809,0.9570479862896315
data_solubility,RFC,cdk_fp,15,20,0.9144974195245688,0.9019498233531594,0.9438881935753025,0.8976542416452443
data_solubility,RFC,rdkit_fp,15,20,0.9144155288533424,0.9146057868610528,0.9008880147803802,0.9277527849185947
data_solubility,RFC,cdk_desc,15,20,0.9604418612228632,0.9472519118107419,0.9659395673162883,0.9681341045415596
data_solubility,RFC,rdkit_desc,15,20,0.9640257665230996,0.9651401994544072,0.9803325585553371,0.9466045415595544
data_solubility,RFC,cdk_fp,15,30,0.9220459006536408,0.9198604713563794,0.9174265450861195,0.9288506855184234
data_solubility,RFC,rdkit_fp,15,30,0.921500310657284,0.9317114619203076,0.9093211752786221,0.9234682947729221
data_solubility,RFC,cdk_desc,15,30,0.9717568701653607,0.9627029202629579,0.9790511949460635,0.9735164952870609
data_solubility,RFC,rdkit_desc,15,30,0.9752737697219653,0.9633513706900406,0.9850706239942786,0.9773993144815768
data_solubility,RFC,cdk_fp,15,40,0.925257264051971,0.9066678592191764,0.9386733416770964,0.9304305912596401
data_solubility,RFC,rdkit_fp,15,40,0.9203542601326046,0.91288403917535,0.9253531199713929,0.922825621251071
data_solubility,RFC,cdk_desc,15,40,0.967563256043275,0.9775278386476454,0.9694260682996603,0.9557358611825193
data_solubility,RFC,rdkit_desc,15,40,0.9770526256683812,0.9767228657036806,0.9821503069312831,0.97228470437018
data_solubility,RFC,cdk_fp,15,50,0.9412149402260817,0.9217387415589644,0.963227844329221,0.93867823479006
data_solubility,RFC,rdkit_fp,15,50,0.9287744154883764,0.9186977326595411,0.9330711007807378,0.9345544130248501
data_solubility,RFC,cdk_desc,15,50,0.9794268504171125,0.9797638746031035,0.9798855712497765,0.9786311053984577
data_solubility,RFC,rdkit_desc,15,50,0.9770999371190597,0.9826930817047539,0.9843554443053816,0.9642512853470437
data_solubility,RFC,cdk_fp,20,10,0.9221637806692244,0.908769733017307,0.937600572143751,0.9201210368466154
data_solubility,RFC,rdkit_fp,20,10,0.9076036661958533,0.8861634095076248,0.8874187973061565,0.949228791773779
data_solubility,RFC,cdk_desc,20,10,0.9493540288723363,0.9390232994946559,0.9715120090589427,0.9375267780634104
data_solubility,RFC,rdkit_desc,20,10,0.9635577426422797,0.9603550825097267,0.9732701591274809,0.9570479862896315
data_solubility,RFC,cdk_fp,20,20,0.9153508895169475,0.9110057689727651,0.9455867453364325,0.8894601542416452
data_solubility,RFC,rdkit_fp,20,20,0.9267412695498678,0.924958633334824,0.9286906251862448,0.9265745501285346
data_solubility,RFC,cdk_desc,20,20,0.9604120620691591,0.9472519118107419,0.965850169855176,0.9681341045415596
data_solubility,RFC,rdkit_desc,20,20,0.9640257665230996,0.9651401994544073,0.9803325585553371,0.9466045415595544
data_solubility,RFC,cdk_fp,20,30,0.9238411186126745,0.9183176065471133,0.9128672745694022,0.9403384747215082
data_solubility,RFC,rdkit_fp,20,30,0.9255848892841488,0.9338580564375475,0.9073246319804518,0.9355719794344474
data_solubility,RFC,cdk_desc,20,30,0.9717568701653608,0.9627029202629579,0.9790511949460635,0.973516495287061
data_solubility,RFC,rdkit_desc,20,30,0.9752737697219653,0.9633513706900407,0.9850706239942785,0.9773993144815769
data_solubility,RFC,cdk_fp,20,40,0.9327373216298691,0.9230803631322392,0.9442457834197509,0.9308858183376179
data_solubility,RFC,rdkit_fp,20,40,0.9257556891772262,0.9189436966146416,0.9245187436676799,0.9338046272493572
data_solubility,RFC,cdk_desc,20,40,0.9675483491369052,0.9774831179285363,0.9694260682996603,0.9557358611825192
data_solubility,RFC,rdkit_desc,20,40,0.9770377187620115,0.9766781449845714,0.9821503069312831,0.9722847043701799
data_solubility,RFC,cdk_fp,20,50,0.9431169774462547,0.9249809936943786,0.9595327492699208,0.9448371893744645
data_solubility,RFC,rdkit_fp,20,50,0.9373712751196539,0.9353785608872591,0.9442159842660468,0.9325192802056556
data_solubility,RFC,cdk_desc,20,50,0.9794343038702974,0.9797862349626582,0.9798855712497765,0.9786311053984575
data_solubility,RFC,rdkit_desc,20,50,0.9770626698531354,0.982581279906981,0.9843554443053817,0.9642512853470437
data_solubility,RFC,cdk_fp,30,10,0.9344160173549831,0.9339698582353204,0.9417128553549079,0.9275653384747214
data_solubility,RFC,rdkit_fp,30,10,0.9282879762617001,0.913689012119315,0.9271410691936348,0.9440338474721507
data_solubility,RFC,cdk_desc,30,10,0.9493540288723363,0.9390232994946559,0.9715120090589427,0.9375267780634104
data_solubility,RFC,rdkit_desc,30,10,0.9635577426422797,0.9603550825097267,0.9732701591274809,0.9570479862896315
data_solubility,RFC,cdk_fp,30,20,0.9199362007826802,0.9134206878046599,0.9158769890935097,0.9305109254498714
data_solubility,RFC,rdkit_fp,30,20,0.9212702493426892,0.9272393900093914,0.90753322605638,0.9290381319622966
data_solubility,RFC,cdk_desc,30,20,0.9604120620691591,0.9472519118107419,0.9658501698551761,0.9681341045415596
data_solubility,RFC,rdkit_desc,30,20,0.9640257665230996,0.9651401994544072,0.980332558555337,0.9466045415595544
data_solubility,RFC,cdk_fp,30,30,0.9355516520548306,0.9315549394034256,0.9449907622623518,0.9301092544987147
data_solubility,RFC,rdkit_fp,30,30,0.9263604441973399,0.9313536961674345,0.9222242088324691,0.9255034275921165
data_solubility,RFC,cdk_desc,30,30,0.9717568701653607,0.9627029202629579,0.9790511949460635,0.9735164952870609
data_solubility,RFC,rdkit_desc,30,30,0.9752737697219653,0.9633513706900407,0.9850706239942785,0.9773993144815768
data_solubility,RFC,cdk_fp,30,40,0.937384623553706,0.9234604892446672,0.9501758150068538,0.9385175664095974
data_solubility,RFC,rdkit_fp,30,40,0.9282978516455833,0.927261750368946,0.931432147327016,0.9261996572407883
data_solubility,RFC,cdk_desc,30,40,0.9675483491369052,0.9774831179285363,0.9694260682996603,0.9557358611825193
data_solubility,RFC,rdkit_desc,30,40,0.9770377187620115,0.9766781449845714,0.9821503069312831,0.9722847043701799
data_solubility,RFC,cdk_fp,30,50,0.9426847701017241,0.9368319842583068,0.9539901066809703,0.9372322193658955
data_solubility,RFC,rdkit_fp,30,50,0.9417842684985622,0.9342829032690846,0.9477322844031231,0.943337617823479
data_solubility,RFC,cdk_desc,30,50,0.9794343038702973,0.9797862349626582,0.9798855712497764,0.9786311053984575
data_solubility,RFC,rdkit_desc,30,50,0.9770626698531354,0.982581279906981,0.9843554443053817,0.9642512853470437
data_chagas,RFC,cdk_fp,5,10,0.7123513433223865,0.7396750111713393,0.6729786074837734,0.7244004113120467
data_chagas,RFC,rdkit_fp,5,10,0.7426255054335497,0.7727518894134562,0.7089806773260224,0.7461439495611706
data_chagas,RFC,cdk_desc,5,10,0.7432341496860153,0.7450056828116803,0.7213387799374569,0.7633579863089088
data_chagas,RFC,rdkit_desc,5,10,0.722101155966367,0.7296402343066971,0.6917937720635979,0.7448694615288063
data_chagas,RFC,cdk_fp,5,20,0.7249318592444554,0.7229459307182686,0.6904130479671015,0.761436599047996
data_chagas,RFC,rdkit_fp,5,20,0.7600891918541217,0.7704083367333062,0.7402422611036339,0.769616977725425
data_chagas,RFC,cdk_desc,5,20,0.7557691825641994,0.7571690855044588,0.7389175123083469,0.7712209498797927
data_chagas,RFC,rdkit_desc,5,20,0.7368723183392221,0.7437744069476013,0.7068337135507496,0.7600088345193153
data_chagas,RFC,cdk_fp,5,30,0.7418783162731131,0.7604039167686659,0.717171729736319,0.7480593023143545
data_chagas,RFC,rdkit_fp,5,30,0.7571115134830948,0.7644559557809251,0.7331943487335898,0.7736842359347695
data_chagas,RFC,cdk_desc,5,30,0.7583695558766739,0.7684545666491812,0.7331943487335899,0.7734597522472507
data_chagas,RFC,rdkit_desc,5,30,0.7432729234474362,0.7529166909521867,0.7165734159611705,0.7603286634289519
data_chagas,RFC,cdk_fp,5,40,0.7470650027880953,0.7592139262885895,0.7169913648768668,0.7649897171988297
data_chagas,RFC,rdkit_fp,5,40,0.7621520410171577,0.7737573099415205,0.7381637115853947,0.774535101524558
data_chagas,RFC,cdk_desc,5,40,0.7622730194475207,0.7604184880806667,0.7420123245174307,0.784388245744465
data_chagas,RFC,rdkit_desc,5,40,0.7489730404862762,0.7565716617124206,0.7198772026281027,0.7704702571183054
data_chagas,RFC,cdk_fp,5,50,0.7525788556504829,0.766810436945076,0.7137684314227928,0.7771576985835803
data_chagas,RFC,rdkit_fp,5,50,0.7653446958508701,0.7823033844300673,0.7359719675691545,0.7777587355533884
data_chagas,RFC,cdk_desc,5,50,0.7606712938490223,0.7694660585572459,0.7345477071272728,0.7780001158625484
data_chagas,RFC,rdkit_desc,5,50,0.7460315456914877,0.7595369237046103,0.717823531021512,0.7607341823483409
data_chagas,RFC,cdk_fp,10,10,0.7473709707675322,0.7512385615200792,0.7164913188527302,0.7743830319297874
data_chagas,RFC,rdkit_fp,10,10,0.7540513921901324,0.7753650113656233,0.723598938210731,0.7631902269940427
data_chagas,RFC,cdk_desc,10,10,0.7663792930626263,0.7864440655903324,0.7305286805004441,0.7821651330971022
data_chagas,RFC,rdkit_desc,10,10,0.745180020010174,0.751298061044083,0.726135241303304,0.7581067576831353
data_chagas,RFC,cdk_fp,10,20,0.7647189402856804,0.7678838569291446,0.7376810800994121,0.7885918838284848
data_chagas,RFC,rdkit_fp,10,20,0.7805089567508592,0.7955110644829126,0.7565223664864676,0.789493439283197
data_chagas,RFC,cdk_desc,10,20,0.7863095196697389,0.7931395834547608,0.7663192880936802,0.7994696874607757
data_chagas,RFC,rdkit_desc,10,20,0.7749897408543178,0.7914735967826545,0.7490627246786397,0.7844329011016596
data_chagas,RFC,cdk_fp,10,30,0.7601019428018138,0.7710094033533447,0.7337764918661668,0.7755199331859302
data_chagas,RFC,rdkit_fp,10,30,0.781918667621347,0.7993688193351596,0.7484756059637332,0.7979115775651485
data_chagas,RFC,cdk_desc,10,30,0.7864745238313482,0.792311447222708,0.7609755126715645,0.8061366115997721
data_chagas,RFC,rdkit_desc,10,30,0.7743723613531249,0.7926915156107323,0.748545264116349,0.7818803043322938
data_chagas,RFC,cdk_fp,10,40,0.7724584556227125,0.7901816071185717,0.7431977570074857,0.7839960027420804
data_chagas,RFC,rdkit_fp,10,40,0.7801214153783007,0.7933630102387751,0.7592614245589769,0.7877398113371504
data_chagas,RFC,cdk_desc,10,40,0.7955027938684418,0.796550484738979,0.7743784875722393,0.8155794092941073
data_chagas,RFC,rdkit_desc,10,40,0.7852191934119714,0.8007373083872472,0.7592800829927134,0.7956401888559539
data_chagas,RFC,cdk_fp,10,50,0.7743182144049359,0.7825838821860852,0.7422660792162465,0.7981046818124764
data_chagas,RFC,rdkit_fp,10,50,0.78381325318609,0.7953969225389055,0.7640330080131753,0.7920098290061891
data_chagas,RFC,cdk_desc,10,50,0.7937178290793965,0.8015703017233005,0.7733982978532852,0.806184887661604
data_chagas,RFC,rdkit_desc,10,50,0.7831455443737472,0.7956786345709235,0.7601719561253152,0.7935860424250032
data_chagas,RFC,cdk_fp,15,10,0.7703291181819234,0.7823701696100718,0.7405358204610872,0.7880813644746116
data_chagas,RFC,rdkit_fp,15,10,0.7639780897816657,0.7782950593538109,0.7362232344768052,0.7774159755143815
data_chagas,RFC,cdk_desc,15,10,0.7614339166252402,0.7807588253579685,0.7244360799377058,0.7791068445800466
data_chagas,RFC,rdkit_desc,15,10,0.748653578980318,0.7537302558722386,0.740176334637765,0.7520541464309507
data_chagas,RFC,cdk_fp,15,20,0.779884072007286,0.7836123739581513,0.7531377266066777,0.8029021154570294
data_chagas,RFC,rdkit_fp,15,20,0.7918574812725876,0.8022005109673409,0.778615195925993,0.7947567369244288
data_chagas,RFC,cdk_desc,15,20,0.7899611615223693,0.799611674535175,0.7725823023512114,0.7976895076807218
data_chagas,RFC,rdkit_desc,15,20,0.7723215795130965,0.7924620174467176,0.7436965591360399,0.7808061619565322
data_chagas,RFC,cdk_fp,15,30,0.7814333765282169,0.7915100250626568,0.7593211315469335,0.7934689729750604
data_chagas,RFC,rdkit_fp,15,30,0.7944882334058465,0.8133099220920516,0.7668616265676194,0.8032931515578686
data_chagas,RFC,cdk_desc,15,30,0.7918805538545366,0.7955098502069126,0.771879501347139,0.8082523100095585
data_chagas,RFC,rdkit_desc,15,30,0.7763130032759176,0.7939167200948106,0.7530780196187211,0.7819442701142212
data_chagas,RFC,cdk_fp,15,40,0.7863986430371599,0.8001860270832118,0.7597888362859269,0.7992210657423409
data_chagas,RFC,rdkit_fp,15,40,0.7964433657452444,0.8080593926677159,0.7768973761266585,0.8043733284413591
data_chagas,RFC,cdk_desc,15,40,0.7996319059355029,0.7973081929630277,0.7854951823924092,0.8160923424510722
data_chagas,RFC,rdkit_desc,15,40,0.7867019560146791,0.8002151697072137,0.7643663720292663,0.7955243263075573
data_chagas,RFC,cdk_fp,15,50,0.7872757664253951,0.7960732742709488,0.7580424068881962,0.8077116181170405
data_chagas,RFC,rdkit_fp,15,50,0.7980484413732605,0.8044882069514873,0.7841903359264412,0.8054667812418533
data_chagas,RFC,cdk_desc,15,50,0.8016595372133939,0.806547619047619,0.7866557369708158,0.8117752556217472
data_chagas,RFC,rdkit_desc,15,50,0.7902359788632196,0.8027214353713742,0.7705721670900059,0.7974143341282792
data_chagas,RFC,cdk_fp,20,10,0.780495634038713,0.7935099376347844,0.7553842020285448,0.7925927624528101
data_chagas,RFC,rdkit_fp,20,10,0.7790033328878323,0.7914614540226534,0.7621161649206518,0.7834323797201918
data_chagas,RFC,cdk_desc,20,10,0.758765839085559,0.7802245439179343,0.7204444190136903,0.7756285543250523
data_chagas,RFC,rdkit_desc,20,10,0.7506926105479825,0.7550453167803227,0.7454442324293529,0.7515882824342722
data_chagas,RFC,cdk_fp,20,20,0.78618625848514,0.7912319558586388,0.762310212631511,0.8050166069652702
data_chagas,RFC,rdkit_fp,20,20,0.8028417099136516,0.8126517845000097,0.7917208797824675,0.8041524654584776
data_chagas,RFC,cdk_desc,20,20,0.7899651567886361,0.7989766081871346,0.7730338364476332,0.7978850257311407
data_chagas,RFC,rdkit_desc,20,20,0.7694370882636998,0.7864562083503334,0.7435435599794012,0.7783114964613648
data_chagas,RFC,cdk_fp,20,30,0.7949663806415834,0.8027360066833753,0.7750078987369484,0.8071552365044269
data_chagas,RFC,rdkit_fp,20,30,0.8039362190137818,0.8186114511083911,0.7797347019501796,0.8134625039827751
data_chagas,RFC,cdk_desc,20,30,0.7905821280875275,0.7937418643507995,0.7714491134756183,0.8065554064361646
data_chagas,RFC,rdkit_desc,20,30,0.7759485956788137,0.7938268636708049,0.7514808576908821,0.7825380656747545
data_chagas,RFC,cdk_fp,20,40,0.7966263056596672,0.8106288006838801,0.7714516012667834,0.807798515028338
data_chagas,RFC,rdkit_fp,20,40,0.8036120612924359,0.8156959744322045,0.7839515079746147,0.8111887014704888
data_chagas,RFC,cdk_desc,20,40,0.8001273341302314,0.7984496124031008,0.7870674664085999,0.814864923578994
data_chagas,RFC,rdkit_desc,20,40,0.7860115297092194,0.8011647335392744,0.7635964006637428,0.793273454924641
data_chagas,RFC,cdk_fp,20,50,0.7949925790645694,0.8022247964873424,0.7692735401019497,0.8134794006044163
data_chagas,RFC,rdkit_fp,20,50,0.8052052201336944,0.8125060713800003,0.7912631262081338,0.8118464628129494
data_chagas,RFC,cdk_desc,20,50,0.8015318330567123,0.8065937615356219,0.7862228613081302,0.8117788763263849
data_chagas,RFC,rdkit_desc,20,50,0.7905598180526932,0.8042113520234697,0.7703072173309483,0.7971608848036613
data_chagas,RFC,cdk_fp,30,10,0.7933623106666478,0.804936274795516,0.773777686005926,0.8013729711985015
data_chagas,RFC,rdkit_fp,30,10,0.7917872984740858,0.8088936002797692,0.773496565604297,0.7929717295381912
data_chagas,RFC,cdk_desc,30,10,0.7578949023631851,0.7806653261059626,0.7176804830295326,0.7753388979540605
data_chagas,RFC,rdkit_desc,30,10,0.7503338475528731,0.7553148860523403,0.7437749245577329,0.7519117320485462
data_chagas,RFC,cdk_fp,30,20,0.7967630816665469,0.8101637329758506,0.7701256085759137,0.8099999034478763
data_chagas,RFC,rdkit_fp,30,20,0.8110802997599791,0.8175683880243245,0.8005251727149016,0.815147338540711
data_chagas,RFC,cdk_desc,30,20,0.7896287589514628,0.7985431116551068,0.7725872779335411,0.7977558872657405
data_chagas,RFC,rdkit_desc,30,20,0.7697162189563029,0.7857786423422899,0.7445274813851027,0.7788425331415164
data_chagas,RFC,cdk_fp,30,30,0.8064011793008781,0.8132504225680479,0.7869231745210381,0.8190299408135483
data_chagas,RFC,rdkit_fp,30,30,0.8139686641658238,0.8288332264770454,0.7930555797424143,0.820017186278012
data_chagas,RFC,cdk_desc,30,30,0.7904410962388271,0.7935621515027881,0.7712600413470891,0.8065010958666038
data_chagas,RFC,rdkit_desc,30,30,0.7758843607356175,0.7940114336228166,0.7512942733535176,0.7823473752305182
data_chagas,RFC,cdk_fp,30,40,0.8057146971655437,0.8175938878203259,0.7826926856451963,0.8168575180311091
data_chagas,RFC,rdkit_fp,30,40,0.8125142837281958,0.8209015756445377,0.7961702942808169,0.8204709812592327
data_chagas,RFC,cdk_desc,30,40,0.7996594735269117,0.7979651162790697,0.7869244184166204,0.814088885885045
data_chagas,RFC,rdkit_desc,30,40,0.7863133155408546,0.8010894484272696,0.7641860071698141,0.7936644910254801
data_chagas,RFC,cdk_fp,30,50,0.8078994349459317,0.817077820520293,0.7850548433562293,0.8215656409612729
data_chagas,RFC,rdkit_fp,30,50,0.8128286251939194,0.823297342192691,0.7989827421926895,0.8162057911963776
data_chagas,RFC,cdk_desc,30,50,0.8015449104156503,0.8067370461036312,0.7862141540390535,0.8116835311042664
data_chagas,RFC,rdkit_desc,30,50,0.7906413480747772,0.8043667793514795,0.7703022417486187,0.7972550231242336
data_malaria,RFC,cdk_fp,5,10,0.899762543660007,0.9445771825698778,0.9429858800723024,0.8117245683378407
data_malaria,RFC,rdkit_fp,5,10,0.9306769492960375,0.9275947344392025,0.9734105257642837,0.8910255876846265
data_malaria,RFC,cdk_desc,5,10,0.9570922632964756,0.955893319129508,0.9566080737694185,0.9587753969905
data_malaria,RFC,rdkit_desc,5,10,0.9421232716161301,0.9583739156901536,0.9496948104681321,0.9183010886901045
data_malaria,RFC,cdk_fp,5,20,0.9240406978440585,0.9159209658600923,0.9726992900741362,0.8835018375979474
data_malaria,RFC,rdkit_fp,5,20,0.953020304881486,0.9478998630345458,0.9771592486836246,0.934001802926288
data_malaria,RFC,cdk_desc,5,20,0.9616316513550391,0.9703989752954902,0.9482356639509597,0.9662603148186675
data_malaria,RFC,rdkit_desc,5,20,0.9480955033204639,0.9603649875716531,0.9505868021900299,0.9333347201997085
data_malaria,RFC,cdk_fp,5,30,0.9341381881801204,0.9426381068330544,0.9708367170513192,0.8889397406559877
data_malaria,RFC,rdkit_fp,5,30,0.9639690730625772,0.9743697052706337,0.9704922327299401,0.9470452811871577
data_malaria,RFC,cdk_desc,5,30,0.9637376839044125,0.972705828640998,0.9674691535902347,0.951038069482005
data_malaria,RFC,rdkit_desc,5,30,0.958530445952731,0.9723443920255667,0.9598158384198259,0.9434311074128006
data_malaria,RFC,cdk_fp,5,40,0.952081217245,0.9566149241617208,0.9786537605113561,0.9209749670619236
data_malaria,RFC,rdkit_fp,5,40,0.9651563890473711,0.965342667275402,0.9853640007335028,0.9447624991332085
data_malaria,RFC,cdk_desc,5,40,0.9610235840110406,0.9778826155328968,0.953810284756241,0.951377851743984
data_malaria,RFC,rdkit_desc,5,40,0.9487720314281991,0.9656077207933839,0.9613588138212874,0.9193495596699258
data_malaria,RFC,cdk_fp,5,50,0.9640471435598316,0.9808793689443515,0.9771631781625757,0.9340988835725678
data_malaria,RFC,rdkit_fp,5,50,0.9731186258593034,0.9639933039111245,0.9913420480444294,0.9640205256223563
data_malaria,RFC,cdk_desc,5,50,0.9654467539533705,0.9800271394511237,0.9673054253006049,0.9490076971083831
data_malaria,RFC,rdkit_desc,5,50,0.9517617851767289,0.9710165880383493,0.9613299976423129,0.9229387698495249
data_malaria,RFC,cdk_fp,10,10,0.9483914548015654,0.9536727032922437,0.9738676551489274,0.9176340059635254
data_malaria,RFC,rdkit_fp,10,10,0.955506625092876,0.9468244305788058,0.9775901815419276,0.9421052631578948
data_malaria,RFC,cdk_desc,10,10,0.919026103820255,0.9354575660731498,0.9436538914939879,0.8779668538936274
data_malaria,RFC,rdkit_desc,10,10,0.9125643559797348,0.9326155328970729,0.9477444790820737,0.8573330559600583
data_malaria,RFC,cdk_fp,10,20,0.948463006831056,0.9537969867600061,0.9855827417284468,0.9060092920047154
data_malaria,RFC,rdkit_fp,10,20,0.9634303646949363,0.9714528483741693,0.9838406727267963,0.9349975729838433
data_malaria,RFC,cdk_desc,10,20,0.9410390507160828,0.9519542941206312,0.9452256830744242,0.9259371749531932
data_malaria,RFC,rdkit_desc,10,20,0.9236264895556637,0.9860307918632375,0.9436421030571347,0.8412065737466194
data_malaria,RFC,cdk_fp,10,30,0.9555112513479134,0.9536232435448688,0.9778089225368718,0.9351015879619998
data_malaria,RFC,rdkit_fp,10,30,0.9738097605485436,0.9778547151625828,0.9867615854137742,0.956812981069274
data_malaria,RFC,cdk_desc,10,30,0.9538243912503015,0.9664472683001064,0.9715531920467346,0.9234727134040634
data_malaria,RFC,rdkit_desc,10,30,0.9503639714525349,0.9549409019428803,0.9546878683886517,0.9414631440260731
data_malaria,RFC,cdk_fp,10,40,0.9671008173265561,0.9744280424085626,0.9784297802111442,0.9484446293599611
data_malaria,RFC,rdkit_fp,10,40,0.9707539588178303,0.9731344797849136,0.9821077725093658,0.9570196241592119
data_malaria,RFC,cdk_desc,10,40,0.9307952385615665,0.9717584842489728,0.9471760144604826,0.8734512169752444
data_malaria,RFC,rdkit_desc,10,40,0.9360929257842447,0.9551044995688125,0.9704241217614544,0.8827501560224672
data_malaria,RFC,cdk_fp,10,50,0.9661593149895891,0.9787614771977879,0.9757944096612787,0.9439220581097009
data_malaria,RFC,rdkit_fp,10,50,0.9712238837156522,0.975135697255618,0.9911495035758262,0.9473864503155123
data_malaria,RFC,cdk_desc,10,50,0.9465343413315566,0.9664688276771674,0.9677573153799807,0.9053768809375218
data_malaria,RFC,rdkit_desc,10,50,0.9576457523777742,0.9725561812002232,0.9618303512954183,0.9385507246376811
data_malaria,RFC,cdk_fp,15,10,0.957285246369141,0.9707578755136206,0.9632724700704687,0.9378253935233339
data_malaria,RFC,rdkit_fp,15,10,0.9614749333329248,0.9632158981382846,0.9652044638880886,0.9560044379724014
data_malaria,RFC,cdk_desc,15,10,0.9105191172335367,0.9207819712879826,0.9448104681319258,0.8659649122807019
data_malaria,RFC,rdkit_desc,15,10,0.9029128170333085,0.9267463095419267,0.935075838943756,0.8469163026142431
data_malaria,RFC,cdk_fp,15,20,0.9509462202369835,0.9771280373357681,0.9701215518822207,0.9055890714929616
data_malaria,RFC,rdkit_fp,15,20,0.9687825797967006,0.9729036676304974,0.9782870091425878,0.9551570626170166
data_malaria,RFC,cdk_desc,15,20,0.9191969195650664,0.9178816009739766,0.9523393498022161,0.887369807919007
data_malaria,RFC,rdkit_desc,15,20,0.9124363949519008,0.9438961598944858,0.9413708642234039,0.8520421607378129
data_malaria,RFC,cdk_fp,15,30,0.9696632201136178,0.9689037690863889,0.984675032090745,0.9554108591637198
data_malaria,RFC,rdkit_fp,15,30,0.9809230889052647,0.9850923248617662,0.9907578655070337,0.9669190763469941
data_malaria,RFC,cdk_desc,15,30,0.9329111685146723,0.9419976665144828,0.9597647551934614,0.8969710838360725
data_malaria,RFC,rdkit_desc,15,30,0.922994877238086,0.9417085172221376,0.949529772352186,0.8777463421399347
data_malaria,RFC,cdk_fp,15,40,0.9687562087083418,0.9705308679551562,0.9848688863856659,0.9508688717842035
data_malaria,RFC,rdkit_fp,15,40,0.9762924286345482,0.9714198752092529,0.9873457679511702,0.9701116427432217
data_malaria,RFC,cdk_desc,15,40,0.9224169079246045,0.9574557398670928,0.9514578366908548,0.8583371472158657
data_malaria,RFC,rdkit_desc,15,40,0.9183709846143718,0.931261096738193,0.9483522384931758,0.8754996186117467
data_malaria,RFC,cdk_fp,15,50,0.9727058766013955,0.9750811647136403,0.9872095460141993,0.955826919076347
data_malaria,RFC,rdkit_fp,15,50,0.9766308220955728,0.9819966519555623,0.9873077829879767,0.9605880313431797
data_malaria,RFC,cdk_desc,15,50,0.9220356385873967,0.9414954598488307,0.9578144238074031,0.8667970321059566
data_malaria,RFC,rdkit_desc,15,50,0.9325586269212904,0.9566225333536245,0.9411337856600215,0.8999195617502254
data_malaria,RFC,cdk_fp,20,10,0.9669914431902727,0.9740285598336123,0.9806355277290232,0.9463102420081826
data_malaria,RFC,rdkit_fp,20,10,0.9577694464112074,0.9602178765281796,0.9725800958792865,0.9405103668261562
data_malaria,RFC,cdk_desc,20,10,0.9105319585027465,0.9207819712879826,0.9447685536897809,0.8660453505304766
data_malaria,RFC,rdkit_desc,20,10,0.9029093241631299,0.9267463095419268,0.9350653603332197,0.8469163026142431
data_malaria,RFC,cdk_fp,20,20,0.9644786552976927,0.9691206310556483,0.9787415188745979,0.9455738159628319
data_malaria,RFC,rdkit_fp,20,20,0.9777851080195681,0.9854093745244253,0.9835551305896844,0.9643908189445946
data_malaria,RFC,cdk_desc,20,20,0.9164184847204548,0.918057880586415,0.9523458989338013,0.8788516746411482
data_malaria,RFC,rdkit_desc,20,20,0.9098077742522837,0.9439177192715467,0.9334634427474916,0.8520421607378129
data_malaria,RFC,cdk_fp,20,30,0.9714340376915871,0.9655328970729967,0.984719566185524,0.9640496498162403
data_malaria,RFC,rdkit_fp,20,30,0.9787578379318204,0.9820562572921421,0.9918803866607289,0.9623368698425903
data_malaria,RFC,cdk_desc,20,30,0.932911632875222,0.9419951301171815,0.9597686846724124,0.8969710838360725
data_malaria,RFC,rdkit_desc,20,30,0.9230294919485766,0.9416996398315831,0.9495468000943075,0.8778420359198392
data_malaria,RFC,cdk_fp,20,40,0.9760725115210254,0.97051818596865,0.9884434024048414,0.9692559461895845
data_malaria,RFC,rdkit_fp,20,40,0.974637297136854,0.9724445797189673,0.9886464254839814,0.9628208862076134
data_malaria,RFC,cdk_desc,20,40,0.9224281056241272,0.9574557398670928,0.9514761742592932,0.8583524027459954
data_malaria,RFC,rdkit_desc,20,40,0.9184012900427684,0.9313245066707249,0.9483797448458334,0.8754996186117467
data_malaria,RFC,cdk_fp,20,50,0.9719538448092907,0.9718764267234815,0.9914298064076709,0.95255530129672
data_malaria,RFC,rdkit_fp,20,50,0.9755387375711142,0.9778927611221018,0.9850732192911231,0.9636502323001178
data_malaria,RFC,cdk_desc,20,50,0.922252702238768,0.9420877086186781,0.9578733659916695,0.8667970321059566
data_malaria,RFC,rdkit_desc,20,50,0.9325468384844371,0.9566225333536245,0.9410984203494617,0.8999195617502254
data_malaria,RFC,cdk_fp,30,10,0.9617293597528845,0.9592794095267082,0.9754197993346084,0.9504888703973372
data_malaria,RFC,rdkit_fp,30,10,0.9632884530688793,0.9747691878455842,0.9712309747727451,0.9438651965883087
data_malaria,RFC,cdk_desc,30,10,0.9105319585027465,0.9207819712879826,0.9447685536897809,0.8660453505304765
data_malaria,RFC,rdkit_desc,30,10,0.9029093241631299,0.9267463095419267,0.9350653603332197,0.8469163026142432
data_malaria,RFC,cdk_fp,30,20,0.9700933817879879,0.9773474357023282,0.9793178424540911,0.9536148672075442
data_malaria,RFC,rdkit_fp,30,20,0.9778892701087326,0.9846459189367421,0.990326932648731,0.9586949587407252
data_malaria,RFC,cdk_desc,30,20,0.9164184847204548,0.918057880586415,0.9523458989338013,0.8788516746411482
data_malaria,RFC,rdkit_desc,30,20,0.9098077742522837,0.9439177192715467,0.9334634427474916,0.8520421607378129
data_malaria,RFC,cdk_fp,30,30,0.9778173471504867,0.9798800284076497,0.9850011788436858,0.968570834200125
data_malaria,RFC,rdkit_fp,30,30,0.9813504172165582,0.9853294780094354,0.98784874125691,0.9708730323833294
data_malaria,RFC,cdk_desc,30,30,0.932911632875222,0.9419951301171816,0.9597686846724124,0.8969710838360725
data_malaria,RFC,rdkit_desc,30,30,0.9230294919485766,0.9416996398315831,0.9495468000943075,0.8778420359198392
data_malaria,RFC,cdk_fp,30,40,0.9786993826825989,0.9770532136153804,0.9912438110706524,0.967801123361764
data_malaria,RFC,rdkit_fp,30,40,0.9771741558998335,0.9782275655658703,0.990066277211642,0.9632286249219884
data_malaria,RFC,cdk_desc,30,40,0.9224281056241272,0.9574557398670928,0.9514761742592932,0.8583524027459954
data_malaria,RFC,rdkit_desc,30,40,0.9184012900427683,0.9313245066707249,0.9483797448458333,0.8754996186117467
data_malaria,RFC,cdk_fp,30,50,0.9724596710864302,0.9679247197280975,0.9916289000078595,0.9578253935233337
data_malaria,RFC,rdkit_fp,30,50,0.9805738769781801,0.9810455029675843,0.9924658790244418,0.9682102489425143
data_malaria,RFC,cdk_desc,30,50,0.922252702238768,0.9420877086186781,0.9578733659916695,0.8667970321059566
data_malaria,RFC,rdkit_desc,30,50,0.9325468384844371,0.9566225333536246,0.9410984203494617,0.8999195617502254
data_lipinski,RFC,cdk_fp,5,10,0.5064483400746794,0.5070422535211268,0.4185393258426966,0.5937634408602152
data_lipinski,RFC,rdkit_fp,5,10,0.6105177481094921,0.5838946723821188,0.700561797752809,0.5470967741935484
data_lipinski,RFC,cdk_desc,5,10,0.7275002254678244,0.7605633802816901,0.6412921348314607,0.7806451612903226
data_lipinski,RFC,rdkit_desc,5,10,0.6231002280868765,0.5771586037966933,0.6573033707865169,0.6348387096774193
data_lipinski,RFC,cdk_fp,5,20,0.5682101039771044,0.4415186772810778,0.5985955056179776,0.6645161290322579
data_lipinski,RFC,rdkit_fp,5,20,0.6377029192540593,0.6769748928352725,0.6101123595505618,0.626021505376344
data_lipinski,RFC,cdk_desc,5,20,0.7350538098044926,0.8003674219228415,0.6314606741573033,0.7733333333333333
data_lipinski,RFC,rdkit_desc,5,20,0.6818010559711882,0.7134109001837109,0.6438202247191012,0.6881720430107526
data_lipinski,RFC,cdk_fp,5,30,0.5891616717867654,0.5894060012247397,0.5303370786516853,0.6477419354838709
data_lipinski,RFC,rdkit_fp,5,30,0.596317865044492,0.5459277403551746,0.6441011235955055,0.5989247311827958
data_lipinski,RFC,cdk_desc,5,30,0.7493569026311683,0.8046540110226577,0.6494382022471912,0.793978494623656
data_lipinski,RFC,rdkit_desc,5,30,0.6563510136853359,0.713410900183711,0.6061797752808988,0.6494623655913979
data_lipinski,RFC,cdk_fp,5,40,0.5965006812864516,0.5244947948560931,0.5901685393258427,0.6748387096774193
data_lipinski,RFC,rdkit_fp,5,40,0.6465803940578296,0.589712186160441,0.7106741573033707,0.6393548387096774
data_lipinski,RFC,cdk_desc,5,40,0.7389690888483307,0.8132271892222904,0.650561797752809,0.7531182795698925
data_lipinski,RFC,rdkit_desc,5,40,0.6772339148590583,0.7336191059399878,0.6129213483146068,0.6851612903225808
data_lipinski,RFC,cdk_fp,5,50,0.6331245437158867,0.586344151867728,0.6766853932584269,0.6363440860215054
data_lipinski,RFC,rdkit_fp,5,50,0.6715348367333043,0.6919779546846295,0.6460674157303371,0.6765591397849461
data_lipinski,RFC,cdk_desc,5,50,0.7707086589977765,0.7936313533374157,0.7,0.818494623655914
data_lipinski,RFC,rdkit_desc,5,50,0.6781636339302182,0.739742804654011,0.6353932584269663,0.6593548387096774
data_lipinski,RFC,cdk_fp,10,10,0.520590406580203,0.4543784445805267,0.54438202247191,0.5630107526881721
data_lipinski,RFC,rdkit_fp,10,10,0.6938983665525061,0.7336191059399878,0.7115168539325842,0.6365591397849464
data_lipinski,RFC,cdk_desc,10,10,0.7248683304897383,0.7725045927740356,0.6575842696629213,0.7445161290322581
data_lipinski,RFC,rdkit_desc,10,10,0.614142185743908,0.5456215554194734,0.6019662921348314,0.6948387096774193
data_lipinski,RFC,cdk_fp,10,20,0.6075113103218295,0.5526638089406001,0.5907303370786517,0.6791397849462366
data_lipinski,RFC,rdkit_fp,10,20,0.6417249933494081,0.676056338028169,0.568258426966292,0.6808602150537635
data_lipinski,RFC,cdk_desc,10,20,0.7085763705083596,0.7749540722596449,0.6092696629213483,0.741505376344086
data_lipinski,RFC,rdkit_desc,10,20,0.6938817646728506,0.7605633802816901,0.6514044943820225,0.6696774193548387
data_lipinski,RFC,cdk_fp,10,30,0.5756151212323908,0.5220453153704838,0.5691011235955057,0.6356989247311828
data_lipinski,RFC,rdkit_fp,10,30,0.6447303629239106,0.5780771586037967,0.6558988764044943,0.700215053763441
data_lipinski,RFC,cdk_desc,10,30,0.727100594260927,0.7749540722596449,0.6325842696629213,0.7737634408602151
data_lipinski,RFC,rdkit_desc,10,30,0.6572890641532843,0.70789957134109,0.6022471910112359,0.6617204301075268
data_lipinski,RFC,cdk_fp,10,40,0.6007947974480174,0.558175137783221,0.6078651685393258,0.6363440860215055
data_lipinski,RFC,rdkit_fp,10,40,0.6527523173616291,0.6221677893447642,0.6915730337078652,0.6445161290322581
data_lipinski,RFC,cdk_desc,10,40,0.7455023159250962,0.8190447030006122,0.6772471910112359,0.7402150537634409
data_lipinski,RFC,rdkit_desc,10,40,0.675721828735553,0.7256582976117575,0.6412921348314606,0.6602150537634409
data_lipinski,RFC,cdk_fp,10,50,0.61275536601708,0.5590936925903245,0.6432584269662921,0.6359139784946237
data_lipinski,RFC,rdkit_fp,10,50,0.6797129361168578,0.6463563992651562,0.647191011235955,0.7455913978494624
data_lipinski,RFC,cdk_desc,10,50,0.7759169894179694,0.833435394978567,0.6803370786516855,0.8139784946236559
data_lipinski,RFC,rdkit_desc,10,50,0.6800888159500167,0.7357624004898958,0.6247191011235955,0.6797849462365592
data_lipinski,RFC,cdk_fp,15,10,0.47213331650432117,0.4167176974892835,0.4601123595505618,0.5395698924731183
data_lipinski,RFC,rdkit_fp,15,10,0.6669128909715037,0.7060624617268829,0.6974719101123595,0.5972043010752688
data_lipinski,RFC,cdk_desc,15,10,0.7234436410465426,0.7709736680955297,0.6550561797752809,0.7443010752688172
data_lipinski,RFC,rdkit_desc,15,10,0.6145529400301456,0.5523576240048989,0.597752808988764,0.6935483870967741
data_lipinski,RFC,cdk_fp,15,20,0.6032461492352108,0.5995101041028781,0.5528089887640449,0.6574193548387097
data_lipinski,RFC,rdkit_fp,15,20,0.6484763084180845,0.696876913655848,0.5575842696629214,0.6909677419354839
data_lipinski,RFC,cdk_desc,15,20,0.7038883909730698,0.7715860379669321,0.6030898876404495,0.7369892473118279
data_lipinski,RFC,rdkit_desc,15,20,0.6936421183316798,0.7630128597672995,0.6589887640449439,0.6589247311827957
data_lipinski,RFC,cdk_fp,15,30,0.5917192064035673,0.5456215554194734,0.5792134831460674,0.6503225806451614
data_lipinski,RFC,rdkit_fp,15,30,0.6643131298132633,0.595529699938763,0.6797752808988764,0.7176344086021506
data_lipinski,RFC,cdk_desc,15,30,0.728206758767036,0.7761788120024494,0.6387640449438202,0.7696774193548386
data_lipinski,RFC,rdkit_desc,15,30,0.6582145447746052,0.7033067973055726,0.6098314606741572,0.661505376344086
data_lipinski,RFC,cdk_fp,15,40,0.616431245211506,0.5609308022045316,0.6494382022471911,0.6389247311827957
data_lipinski,RFC,rdkit_fp,15,40,0.6554177533451299,0.6414574402939376,0.6727528089887641,0.6520430107526881
data_lipinski,RFC,cdk_desc,15,40,0.7425240923807215,0.8135333741579914,0.6764044943820225,0.7376344086021507
data_lipinski,RFC,rdkit_desc,15,40,0.6738525072478316,0.7265768524188608,0.6345505617977528,0.6604301075268817
data_lipinski,RFC,cdk_fp,15,50,0.6257392443216202,0.5514390691977955,0.6668539325842696,0.6589247311827956
data_lipinski,RFC,rdkit_fp,15,50,0.6576766656005497,0.6561543172075933,0.6123595505617978,0.704516129032258
data_lipinski,RFC,cdk_desc,15,50,0.7742985335306353,0.8325168401714635,0.680056179775281,0.8103225806451613
data_lipinski,RFC,rdkit_desc,15,50,0.6842985361200935,0.7415799142682181,0.6280898876404495,0.683225806451613
data_lipinski,RFC,cdk_fp,20,10,0.5225143039821206,0.49234537660747096,0.47584269662921347,0.5993548387096774
data_lipinski,RFC,rdkit_fp,20,10,0.6717792263453548,0.6861604409063072,0.7033707865168539,0.6258064516129033
data_lipinski,RFC,cdk_desc,20,10,0.7234436410465426,0.7709736680955297,0.6550561797752809,0.7443010752688172
data_lipinski,RFC,rdkit_desc,20,10,0.6145529400301456,0.552357624004899,0.597752808988764,0.6935483870967741
data_lipinski,RFC,cdk_fp,20,20,0.591610498975524,0.5756276791181874,0.5589887640449438,0.640215053763441
data_lipinski,RFC,rdkit_fp,20,20,0.6482667709404489,0.68952847519902,0.5688202247191011,0.6864516129032258
data_lipinski,RFC,cdk_desc,20,20,0.7038883909730698,0.7715860379669321,0.6030898876404495,0.7369892473118278
data_lipinski,RFC,rdkit_desc,20,20,0.6936421183316797,0.7630128597672995,0.6589887640449438,0.6589247311827957
data_lipinski,RFC,cdk_fp,20,30,0.5956495531347328,0.5523576240048991,0.5567415730337079,0.6778494623655915
data_lipinski,RFC,rdkit_fp,20,30,0.6661323193902846,0.6334966319657073,0.6539325842696629,0.7109677419354838
data_lipinski,RFC,cdk_desc,20,30,0.728206758767036,0.7761788120024494,0.6387640449438202,0.7696774193548386
data_lipinski,RFC,rdkit_desc,20,30,0.6582145447746053,0.7033067973055726,0.6098314606741575,0.661505376344086
data_lipinski,RFC,cdk_fp,20,40,0.6243637174686059,0.5517452541334966,0.6662921348314607,0.6550537634408602
data_lipinski,RFC,rdkit_fp,20,40,0.6448866124345338,0.6019595835884876,0.6752808988764045,0.6574193548387097
data_lipinski,RFC,cdk_desc,20,40,0.7425240923807215,0.8135333741579914,0.6764044943820224,0.7376344086021507
data_lipinski,RFC,rdkit_desc,20,40,0.6738525072478316,0.7265768524188609,0.6345505617977528,0.6604301075268817
data_lipinski,RFC,cdk_fp,20,50,0.6196311477097733,0.545009185548071,0.6528089887640449,0.6610752688172044
data_lipinski,RFC,rdkit_fp,20,50,0.6564472051521438,0.6491120636864667,0.6303370786516854,0.6898924731182796
data_lipinski,RFC,cdk_desc,20,50,0.7742985335306353,0.8325168401714635,0.680056179775281,0.8103225806451613
data_lipinski,RFC,rdkit_desc,20,50,0.6842985361200934,0.7415799142682181,0.6280898876404495,0.6832258064516128
data_lipinski,RFC,cdk_fp,30,10,0.4808825709561485,0.4739742804654011,0.4241573033707865,0.544516129032258
data_lipinski,RFC,rdkit_fp,30,10,0.6651898293579107,0.691059399877526,0.6623595505617978,0.6421505376344087
data_lipinski,RFC,cdk_desc,30,10,0.7234436410465426,0.7709736680955298,0.6550561797752807,0.7443010752688173
data_lipinski,RFC,rdkit_desc,30,10,0.6145529400301457,0.552357624004899,0.5977528089887639,0.6935483870967742
data_lipinski,RFC,cdk_fp,30,20,0.6160130662087715,0.5820575627679118,0.5915730337078652,0.6744086021505377
data_lipinski,RFC,rdkit_fp,30,20,0.6489003328144305,0.6821800367421922,0.6101123595505619,0.6544086021505376
data_lipinski,RFC,cdk_desc,30,20,0.7038883909730698,0.7715860379669321,0.6030898876404495,0.7369892473118278
data_lipinski,RFC,rdkit_desc,30,20,0.6936421183316797,0.7630128597672995,0.6589887640449438,0.6589247311827957
data_lipinski,RFC,cdk_fp,30,30,0.6051238001468,0.5848132271892224,0.5679775280898877,0.6625806451612903
data_lipinski,RFC,rdkit_fp,30,30,0.6648442834245353,0.6175750153092469,0.6842696629213483,0.6926881720430107
data_lipinski,RFC,cdk_desc,30,30,0.728206758767036,0.7761788120024494,0.6387640449438202,0.7696774193548386
data_lipinski,RFC,rdkit_desc,30,30,0.6582145447746053,0.7033067973055724,0.6098314606741574,0.6615053763440861
data_lipinski,RFC,cdk_fp,30,40,0.6186430437547163,0.5496019595835885,0.6646067415730337,0.6417204301075269
data_lipinski,RFC,rdkit_fp,30,40,0.6327938761927754,0.582363747703613,0.6674157303370787,0.6486021505376345
data_lipinski,RFC,cdk_desc,30,40,0.7425240923807215,0.8135333741579913,0.6764044943820225,0.7376344086021507
data_lipinski,RFC,rdkit_desc,30,40,0.6738525072478316,0.7265768524188608,0.6345505617977528,0.6604301075268816
data_lipinski,RFC,cdk_fp,30,50,0.6403092419760644,0.5719534598897735,0.6786516853932584,0.6703225806451613
data_lipinski,RFC,rdkit_fp,30,50,0.6572483260570792,0.6393141457440293,0.6365168539325844,0.6959139784946237
data_lipinski,RFC,cdk_desc,30,50,0.7742985335306353,0.8325168401714635,0.6800561797752809,0.8103225806451613
data_lipinski,RFC,rdkit_desc,30,50,0.6842985361200934,0.7415799142682181,0.6280898876404495,0.6832258064516129
data_herg,RFC,cdk_fp,5,10,0.8290669390776207,0.8446526361000752,0.8140123456790125,0.8285358354537744
data_herg,RFC,rdkit_fp,5,10,0.820765794265621,0.796172017609793,0.8067901234567901,0.8593352417302799
data_herg,RFC,cdk_desc,5,10,0.8721598433531478,0.8695372060560508,0.8383333333333332,0.9086089906700593
data_herg,RFC,rdkit_desc,5,10,0.8545990276632894,0.8561687963062385,0.8208333333333334,0.8867949533502968
data_herg,RFC,cdk_fp,5,20,0.8377107253301667,0.8310963169762696,0.8192283950617283,0.8628074639525022
data_herg,RFC,rdkit_fp,5,20,0.8569254020066178,0.8653226672393429,0.8307716049382717,0.874681933842239
data_herg,RFC,cdk_desc,5,20,0.8757583005074846,0.8680876194566735,0.8479012345679011,0.9112860474978794
data_herg,RFC,rdkit_desc,5,20,0.8602489330551433,0.8575110061204767,0.8369444444444443,0.8862913486005088
data_herg,RFC,cdk_fp,5,30,0.8471421922167979,0.8477397186728229,0.83679012345679,0.8568967345207803
data_herg,RFC,rdkit_fp,5,30,0.8466058383275781,0.8423708794158702,0.822685185185185,0.8747614503816793
data_herg,RFC,cdk_desc,5,30,0.8755652323768657,0.8676044239235478,0.8519135802469134,0.9071776929601357
data_herg,RFC,rdkit_desc,5,30,0.8691601260280244,0.8669601632127133,0.8493518518518516,0.891168363019508
data_herg,RFC,cdk_fp,5,40,0.8546827408125275,0.8512563083861269,0.8512037037037036,0.8615882103477523
data_herg,RFC,rdkit_fp,5,40,0.8439547274109618,0.8402770321056587,0.8166666666666668,0.87492048346056
data_herg,RFC,cdk_desc,5,40,0.8793309688835717,0.8719531837216794,0.859074074074074,0.906965648854962
data_herg,RFC,rdkit_desc,5,40,0.8715068457852977,0.8750134220981424,0.8478086419753086,0.8916984732824426
data_herg,RFC,cdk_fp,5,50,0.8549739039803816,0.8566519918393642,0.8388888888888888,0.8693808312128922
data_herg,RFC,rdkit_fp,5,50,0.8538044953417759,0.8503436057124449,0.8391975308641975,0.8718723494486854
data_herg,RFC,cdk_desc,5,50,0.8852568458063799,0.8760871899495328,0.8625925925925926,0.9170907548770145
data_herg,RFC,rdkit_desc,5,50,0.8733689462711265,0.8666380328572961,0.8513271604938272,0.9021416454622561
data_herg,RFC,cdk_fp,10,10,0.8604119813159132,0.8619671427037476,0.8462037037037038,0.8730650975402884
data_herg,RFC,rdkit_fp,10,10,0.844173937874247,0.8429614517341351,0.8231481481481482,0.866412213740458
data_herg,RFC,cdk_desc,10,10,0.8590466429492928,0.8560077311285301,0.8258024691358025,0.8953297285835455
data_herg,RFC,rdkit_desc,10,10,0.8539420586377228,0.8341833995490175,0.8332407407407408,0.8944020356234097
data_herg,RFC,cdk_fp,10,20,0.8540056376741891,0.8425319445935788,0.8347839506172839,0.8847010178117047
data_herg,RFC,rdkit_fp,10,20,0.8672041911072141,0.8748255127241491,0.8487654320987655,0.8780216284987276
data_herg,RFC,cdk_desc,10,20,0.875413360394017,0.852276387844948,0.8573765432098767,0.9165871501272265
data_herg,RFC,rdkit_desc,10,20,0.8703063517900207,0.8544507677440137,0.851358024691358,0.9051102629346903
data_herg,RFC,cdk_fp,10,30,0.8642376936963547,0.8554976913991196,0.8565432098765433,0.8806721798134011
data_herg,RFC,rdkit_fp,10,30,0.8560247786309666,0.8450552990443465,0.8370987654320986,0.8859202714164546
data_herg,RFC,cdk_desc,10,30,0.8825694762045533,0.8676312681198325,0.8599382716049383,0.920138888888889
data_herg,RFC,rdkit_desc,10,30,0.8784665653852924,0.8814560292064856,0.850185185185185,0.9037584817642068
data_herg,RFC,cdk_fp,10,40,0.8647203494362317,0.8637657038548265,0.853858024691358,0.8765373197625106
data_herg,RFC,rdkit_fp,10,40,0.8611363375551844,0.8534306882851929,0.8362654320987656,0.8937128922815946
data_herg,RFC,cdk_desc,10,40,0.8830788140155319,0.868490282400945,0.8704938271604938,0.910252332485157
data_herg,RFC,rdkit_desc,10,40,0.8787442103672354,0.8677923332975408,0.8627469135802467,0.9056933842239187
data_herg,RFC,cdk_fp,10,50,0.8672968716878519,0.8563030172876624,0.8514506172839507,0.8941369804919425
data_herg,RFC,rdkit_fp,10,50,0.8606302737402363,0.8563567056802319,0.8432716049382716,0.8822625106022054
data_herg,RFC,cdk_desc,10,50,0.8847447885500546,0.8662622141093097,0.8664814814814816,0.9214906700593724
data_herg,RFC,rdkit_desc,10,50,0.8782820377323906,0.8714162997959842,0.8655555555555555,0.8978742578456318
data_herg,RFC,cdk_fp,15,10,0.8598072921911353,0.8517126597229678,0.847037037037037,0.8806721798134012
data_herg,RFC,rdkit_fp,15,10,0.8437351733102565,0.8351766348115536,0.8248456790123456,0.8711832061068703
data_herg,RFC,cdk_desc,15,10,0.8580754219389375,0.8505315150864381,0.830246913580247,0.8934478371501272
data_herg,RFC,rdkit_desc,15,10,0.8532574457779196,0.8343176205304413,0.8316358024691358,0.8938189143341815
data_herg,RFC,cdk_fp,15,20,0.859297276832575,0.8414581767421883,0.8495061728395061,0.8869274809160307
data_herg,RFC,rdkit_fp,15,20,0.871332424626973,0.8670406958015677,0.8540123456790123,0.8929442324003393
data_herg,RFC,cdk_desc,15,20,0.8739749160124004,0.852276387844948,0.857037037037037,0.9126113231552163
data_herg,RFC,rdkit_desc,15,20,0.8697711268867586,0.8514979061526897,0.8537654320987657,0.9040500424088209
data_herg,RFC,cdk_fp,15,30,0.8701748305380104,0.8588263717384301,0.8601851851851853,0.8915129346904156
data_herg,RFC,rdkit_fp,15,30,0.8658371146899865,0.8450821432406316,0.8567283950617283,0.8957008057675997
data_herg,RFC,cdk_desc,15,30,0.8809182072180965,0.8645978739396544,0.8592901234567901,0.9188666242578456
data_herg,RFC,rdkit_desc,15,30,0.8787966032003516,0.8814828734027702,0.8500617283950618,0.904845207803223
data_herg,RFC,cdk_fp,15,40,0.8702249016007106,0.8682486846343821,0.8553395061728395,0.8870865139949108
data_herg,RFC,rdkit_fp,15,40,0.8696188970740538,0.8608933748523571,0.8519444444444442,0.8960188719253604
data_herg,RFC,cdk_desc,15,40,0.8837622832373526,0.8696714270374746,0.8710185185185185,0.9105969041560645
data_herg,RFC,rdkit_desc,15,40,0.8787121337789396,0.8673359819607,0.8615432098765432,0.9072572094995758
data_herg,RFC,cdk_fp,15,50,0.8719917147019496,0.8565714592505103,0.8618209876543209,0.8975826972010178
data_herg,RFC,rdkit_fp,15,50,0.8647919240932582,0.861457102974337,0.8441358024691358,0.888782866836302
data_herg,RFC,cdk_desc,15,50,0.8844720664461093,0.865886395361323,0.8644753086419753,0.9230544953350297
data_herg,RFC,rdkit_desc,15,50,0.8797621546908158,0.8724363792548052,0.8650000000000001,0.9018500848176418
data_herg,RFC,cdk_fp,20,10,0.8592388373048223,0.8526790507892195,0.8442592592592592,0.8807782018659882
data_herg,RFC,rdkit_fp,20,10,0.8497544969817907,0.8438741544078168,0.8320061728395061,0.8733831636980491
data_herg,RFC,cdk_desc,20,10,0.8577372115785359,0.8498872543756039,0.8298765432098766,0.8934478371501272
data_herg,RFC,rdkit_desc,20,10,0.8532443010183652,0.8349081928487061,0.8307407407407408,0.8940839694656488
data_herg,RFC,cdk_fp,20,20,0.861106469568858,0.8432567378932673,0.8483641975308641,0.8916984732824427
data_herg,RFC,rdkit_fp,20,20,0.8684204405872591,0.8663427466981638,0.8483333333333334,0.89058524173028
data_herg,RFC,cdk_desc,20,20,0.8736989543604947,0.8526522065929346,0.8558333333333334,0.9126113231552162
data_herg,RFC,rdkit_desc,20,20,0.8704601327946879,0.8516052829378289,0.8546913580246913,0.9050837574215437
data_herg,RFC,cdk_fp,20,30,0.8747086378977027,0.8623161172554493,0.8602777777777778,0.9015320186598812
data_herg,RFC,rdkit_fp,20,30,0.8668011986884442,0.8425587887898638,0.8592283950617284,0.8986164122137404
data_herg,RFC,cdk_desc,20,30,0.8805515181658343,0.8644368087619455,0.8582716049382716,0.9189461407972858
data_herg,RFC,rdkit_desc,20,30,0.878535626952297,0.8804359497476647,0.8506172839506174,0.9045536471586089
data_herg,RFC,cdk_fp,20,40,0.8738925088287157,0.8736712122839043,0.8618209876543209,0.8861853265479219
data_herg,RFC,rdkit_fp,20,40,0.8742519529753636,0.8705035971223023,0.854537037037037,0.8977152247667515
data_herg,RFC,cdk_desc,20,40,0.8837713589208641,0.86964458284119,0.870462962962963,0.9112065309584393
data_herg,RFC,rdkit_desc,20,40,0.8789621004068975,0.8676044239235476,0.8615740740740742,0.9077078032230704
data_herg,RFC,cdk_fp,20,50,0.8722089912708135,0.8605980886932246,0.8570679012345679,0.8989609838846481
data_herg,RFC,rdkit_fp,20,50,0.8663576587744274,0.8628261569848599,0.8455555555555556,0.8906912637828669
data_herg,RFC,cdk_desc,20,50,0.8844373049659471,0.8663695908944486,0.8644444444444445,0.9224978795589484
data_herg,RFC,rdkit_desc,20,50,0.8794166454926986,0.8715505207774079,0.865246913580247,0.9014525021204411
data_herg,RFC,cdk_fp,30,10,0.8584797734205126,0.8536722860517556,0.8357407407407407,0.8860262934690416
data_herg,RFC,rdkit_fp,30,10,0.8567514862061207,0.8466391066251477,0.8463888888888889,0.8772264631043257
data_herg,RFC,cdk_desc,30,10,0.8577372115785359,0.849887254375604,0.8298765432098766,0.8934478371501271
data_herg,RFC,rdkit_desc,30,10,0.8532443010183651,0.8349081928487061,0.8307407407407407,0.8940839694656488
data_herg,RFC,cdk_fp,30,20,0.8627439851485355,0.8467733276065715,0.8529938271604938,0.8884648006785411
data_herg,RFC,rdkit_fp,30,20,0.8702582249224313,0.8683292172232363,0.8520987654320987,0.8903466921119592
data_herg,RFC,cdk_desc,30,20,0.8736989543604947,0.8526522065929346,0.8558333333333332,0.9126113231552162
data_herg,RFC,rdkit_desc,30,20,0.8704601327946879,0.8516052829378289,0.8546913580246913,0.9050837574215438
data_herg,RFC,cdk_fp,30,30,0.8768589420152171,0.8718726511328251,0.8579938271604938,0.9007103477523325
data_herg,RFC,rdkit_fp,30,30,0.8651678847909059,0.8424782562010092,0.856820987654321,0.8962044105173875
data_herg,RFC,cdk_desc,30,30,0.8805515181658343,0.8644368087619455,0.8582716049382716,0.9189461407972859
data_herg,RFC,rdkit_desc,30,30,0.878535626952297,0.8804359497476646,0.8506172839506174,0.904553647158609
data_herg,RFC,cdk_fp,30,40,0.8789559601501216,0.8771341136046387,0.8694135802469136,0.8903201865988125
data_herg,RFC,rdkit_fp,30,40,0.8742717732649506,0.873349081928487,0.8537654320987655,0.8957008057675996
data_herg,RFC,cdk_desc,30,40,0.8837713589208641,0.8696445828411898,0.8704629629629631,0.9112065309584393
data_herg,RFC,rdkit_desc,30,40,0.8789621004068975,0.8676044239235478,0.861574074074074,0.9077078032230703
data_herg,RFC,cdk_fp,30,50,0.8742839458932181,0.8593900998604102,0.8650308641975307,0.8984308736217133
data_herg,RFC,rdkit_fp,30,50,0.8698810955750567,0.8647052507247932,0.8515432098765431,0.8933948261238338
data_herg,RFC,cdk_desc,30,50,0.8844373049659471,0.8663695908944486,0.8644444444444445,0.9224978795589482
data_herg,RFC,rdkit_desc,30,50,0.8794166454926986,0.8715505207774079,0.865246913580247,0.901452502120441
