name,method,feature,family,maxIter,reg,rmse,f1,f2,f3
Xanthine-Bostaurus,GLR_DESC,cdk_desc,gaussian,10,0.1,0.8631593112999042,0.8940878396020469,0.869856982902273,0.8255331113953928
Xanthine-Bostaurus,GLR_DESC,cdk_desc,gamma,10,0.1,0.898678849519323,0.9103695651771991,0.9363305397241193,0.8493364436566507
Xanthine-Bostaurus,GLR_DESC,cdk_desc,gaussian,10,0.3,0.866237042106099,0.8917751712300666,0.8763654993490941,0.8305704557391362
Xanthine-Bostaurus,GLR_DESC,cdk_desc,gamma,10,0.3,0.9051388570696448,0.9104150704459343,0.9383941594632871,0.8666073412997133
Xanthine-Bostaurus,GLR_DESC,cdk_desc,gaussian,10,0.5,0.8705932907637868,0.8935519874592956,0.8807836120899052,0.8374442727421597
Xanthine-Bostaurus,GLR_DESC,cdk_desc,gamma,10,0.5,0.9102808839993881,0.9152911904132854,0.938386397842832,0.8771650637420468
Xanthine-Bostaurus,GLR_DESC,cdk_desc,gaussian,10,0.7,0.8746725002516369,0.896639375703525,0.8840805161035464,0.8432976089478393
Xanthine-Bostaurus,GLR_DESC,cdk_desc,gamma,10,0.7,0.9151659233984368,0.9218090727732143,0.9385465944355814,0.885142102986515
Xanthine-Bostaurus,GLR_DESC,rdkit_desc,gaussian,10,0.1,0.9579651938087432,0.9496016813877273,0.9379343111216056,0.9863595889168968
Xanthine-Bostaurus,GLR_DESC,rdkit_desc,gamma,10,0.1,1.0585043026057357,0.9897117608350148,0.9973466668220858,1.1884544801601071
Xanthine-Bostaurus,GLR_DESC,rdkit_desc,gaussian,10,0.3,0.9527232711567619,0.9559655326011919,0.9331834385553119,0.9690208423137825
Xanthine-Bostaurus,GLR_DESC,rdkit_desc,gamma,10,0.3,1.0086604395842838,0.9974432358964441,0.9900302759404963,1.0385078069159108
Xanthine-Bostaurus,GLR_DESC,rdkit_desc,gaussian,10,0.5,0.9544643010708036,0.9631240772240763,0.9329624131660682,0.9673064128222666
Xanthine-Bostaurus,GLR_DESC,rdkit_desc,gamma,10,0.5,1.0060702691658816,1.004851330970032,0.9874542783766687,1.0259051981509444
Xanthine-Bostaurus,GLR_DESC,rdkit_desc,gaussian,10,0.7,0.9572436168654692,0.9692509779317112,0.9340141991183697,0.968465673546327
Xanthine-Bostaurus,GLR_DESC,rdkit_desc,gamma,10,0.7,1.0075436588658149,1.0116540513048642,0.9862681123757807,1.0247088129168
Xanthine-Bostaurus,GLR_DESC,cdk_desc,gaussian,50,0.1,0.8631593112999038,0.8940878396020465,0.8698569829022733,0.8255331113953918
Xanthine-Bostaurus,GLR_DESC,cdk_desc,gamma,50,0.1,0.898678849519323,0.910369565177199,0.9363305397241186,0.8493364436566514
Xanthine-Bostaurus,GLR_DESC,cdk_desc,gaussian,50,0.3,0.8662370421060995,0.8917751712300668,0.8763654993490952,0.8305704557391367
Xanthine-Bostaurus,GLR_DESC,cdk_desc,gamma,50,0.3,0.905138857069645,0.9104150704459346,0.9383941594632867,0.8666073412997137
Xanthine-Bostaurus,GLR_DESC,cdk_desc,gaussian,50,0.5,0.8705932907637872,0.8935519874592959,0.8807836120899055,0.8374442727421602
Xanthine-Bostaurus,GLR_DESC,cdk_desc,gamma,50,0.5,0.9102808839993882,0.9152911904132855,0.9383863978428322,0.8771650637420468
Xanthine-Bostaurus,GLR_DESC,cdk_desc,gaussian,50,0.7,0.8746725002516369,0.8966393757035265,0.8840805161035453,0.8432976089478392
Xanthine-Bostaurus,GLR_DESC,cdk_desc,gamma,50,0.7,0.9151659233984369,0.9218090727732146,0.9385465944355816,0.8851421029865149
Xanthine-Bostaurus,GLR_DESC,rdkit_desc,gaussian,50,0.1,0.957965193808743,0.9496016813877266,0.9379343111216073,0.9863595889168952
Xanthine-Bostaurus,GLR_DESC,rdkit_desc,gamma,50,0.1,1.05850430260574,0.9897117608350146,0.9973466668220858,1.1884544801601193
Xanthine-Bostaurus,GLR_DESC,rdkit_desc,gaussian,50,0.3,0.9527232711567617,0.9559655326011912,0.9331834385553117,0.9690208423137823
Xanthine-Bostaurus,GLR_DESC,rdkit_desc,gamma,50,0.3,1.0086604395842844,0.9974432358964443,0.9900302759404965,1.0385078069159122
Xanthine-Bostaurus,GLR_DESC,rdkit_desc,gaussian,50,0.5,0.9544643010708037,0.9631240772240766,0.9329624131660682,0.9673064128222665
Xanthine-Bostaurus,GLR_DESC,rdkit_desc,gamma,50,0.5,1.0060702691658814,1.0048513309700324,0.987454278376669,1.0259051981509428
Xanthine-Bostaurus,GLR_DESC,rdkit_desc,gaussian,50,0.7,0.9572436168654691,0.9692509779317113,0.9340141991183691,0.968465673546327
Xanthine-Bostaurus,GLR_DESC,rdkit_desc,gamma,50,0.7,1.0075436588658147,1.0116540513048637,0.9862681123757806,1.0247088129167998
Xanthine-Bostaurus,GLR_DESC,cdk_desc,gaussian,100,0.1,0.8631593112999033,0.8940878396020469,0.8698569829022735,0.8255331113953897
Xanthine-Bostaurus,GLR_DESC,cdk_desc,gamma,100,0.1,0.898678849519323,0.9103695651771985,0.9363305397241193,0.8493364436566514
Xanthine-Bostaurus,GLR_DESC,cdk_desc,gaussian,100,0.3,0.866237042106099,0.8917751712300656,0.8763654993490945,0.8305704557391368
Xanthine-Bostaurus,GLR_DESC,cdk_desc,gamma,100,0.3,0.9051388570696451,0.9104150704459348,0.938394159463287,0.8666073412997137
Xanthine-Bostaurus,GLR_DESC,cdk_desc,gaussian,100,0.5,0.8705932907637873,0.8935519874592956,0.8807836120899062,0.8374442727421602
Xanthine-Bostaurus,GLR_DESC,cdk_desc,gamma,100,0.5,0.9102808839993878,0.9152911904132848,0.938386397842832,0.8771650637420468
Xanthine-Bostaurus,GLR_DESC,cdk_desc,gaussian,100,0.7,0.8746725002516367,0.896639375703525,0.8840805161035461,0.843297608947839
Xanthine-Bostaurus,GLR_DESC,cdk_desc,gamma,100,0.7,0.9151659233984369,0.9218090727732146,0.9385465944355815,0.8851421029865149
Xanthine-Bostaurus,GLR_DESC,rdkit_desc,gaussian,100,0.1,0.9579651938087427,0.9496016813877257,0.9379343111216063,0.9863595889168962
Xanthine-Bostaurus,GLR_DESC,rdkit_desc,gamma,100,0.1,1.058504302605738,0.989711760835015,0.9973466668220862,1.1884544801601125
Xanthine-Bostaurus,GLR_DESC,rdkit_desc,gaussian,100,0.3,0.9527232711567618,0.9559655326011915,0.9331834385553123,0.9690208423137817
Xanthine-Bostaurus,GLR_DESC,rdkit_desc,gamma,100,0.3,1.0086604395842835,0.9974432358964442,0.9900302759404962,1.03850780691591
Xanthine-Bostaurus,GLR_DESC,rdkit_desc,gaussian,100,0.5,0.9544643010708038,0.9631240772240767,0.9329624131660683,0.9673064128222667
Xanthine-Bostaurus,GLR_DESC,rdkit_desc,gamma,100,0.5,1.006070269165881,1.0048513309700324,0.9874542783766682,1.0259051981509424
Xanthine-Bostaurus,GLR_DESC,rdkit_desc,gaussian,100,0.7,0.9572436168654692,0.9692509779317112,0.9340141991183694,0.9684656735463273
Xanthine-Bostaurus,GLR_DESC,rdkit_desc,gamma,100,0.7,1.0075436588658149,1.0116540513048642,0.9862681123757813,1.0247088129167994
LogP,GLR_DESC,cdk_desc,gaussian,10,0.1,0.5676760886183001,0.5626362178554207,0.5938018046057377,0.5465902433937421
LogP,GLR_DESC,cdk_desc,gamma,10,0.1,0.775091185913034,0.910830321417809,0.7336980309992092,0.6807452053220844
LogP,GLR_DESC,cdk_desc,gaussian,10,0.3,0.591844398376352,0.5691483018092802,0.6285993342825569,0.5777855590372192
LogP,GLR_DESC,cdk_desc,gamma,10,0.3,1.1396402946958402,1.9321511424699953,0.7938412583483468,0.6929284832691783
LogP,GLR_DESC,cdk_desc,gaussian,10,0.5,0.6097642932315326,0.5769338942984594,0.6537473385680147,0.5986116468281237
LogP,GLR_DESC,cdk_desc,gamma,10,0.5,0.84710885852906,0.9888860568898578,0.8370579673562647,0.715382551341058
LogP,GLR_DESC,cdk_desc,gaussian,10,0.7,0.6260195009537208,0.5871056394841542,0.6750581472311248,0.615894716145884
LogP,GLR_DESC,cdk_desc,gamma,10,0.7,0.8198061744117531,0.8531304735747006,0.8693483346659583,0.7369397149946003
LogP,GLR_DESC,rdkit_desc,gaussian,10,0.1,0.6235978609404689,0.5783285130445497,0.6868688313275279,0.6055962384493291
LogP,GLR_DESC,rdkit_desc,gamma,10,0.1,0.9349600089291215,0.9084158061070154,1.036053202898682,0.8604110177816672
LogP,GLR_DESC,rdkit_desc,gaussian,10,0.3,0.6372530692161829,0.5859231983110967,0.7026349427007043,0.6232010666367478
LogP,GLR_DESC,rdkit_desc,gamma,10,0.3,0.8920753108592558,0.8626186446258793,0.9665044253888339,0.8471028625630541
LogP,GLR_DESC,rdkit_desc,gaussian,10,0.5,0.649396159693373,0.5958715029207113,0.7163604836766944,0.6359564924827135
LogP,GLR_DESC,rdkit_desc,gamma,10,0.5,0.8836430104699786,0.8506599757450722,0.9605299713720723,0.8397390842927918
LogP,GLR_DESC,rdkit_desc,gaussian,10,0.7,0.6605365432000694,0.6057987104013748,0.7290508941836138,0.6467600250152197
LogP,GLR_DESC,rdkit_desc,gamma,10,0.7,0.881437519903006,0.8452446768247226,0.9634446329040749,0.8356232499802206
LogP,GLR_DESC,cdk_desc,gaussian,50,0.1,0.5676760886182995,0.5626362178554185,0.5938018046057373,0.5465902433937432
LogP,GLR_DESC,cdk_desc,gamma,50,0.1,0.7750911859130346,0.9108303214178083,0.7336980309992105,0.6807452053220849
LogP,GLR_DESC,cdk_desc,gaussian,50,0.3,0.5918443983763522,0.56914830180928,0.6285993342825572,0.5777855590372196
LogP,GLR_DESC,cdk_desc,gamma,50,0.3,1.1396402946957818,1.9321511424698201,0.7938412583483471,0.6929284832691781
LogP,GLR_DESC,cdk_desc,gaussian,50,0.5,0.6097642932315328,0.5769338942984598,0.6537473385680148,0.5986116468281237
LogP,GLR_DESC,cdk_desc,gamma,50,0.5,0.8471088585290559,0.9888860568898441,0.837057967356265,0.7153825513410585
LogP,GLR_DESC,cdk_desc,gaussian,50,0.7,0.626019500953721,0.5871056394841541,0.6750581472311251,0.6158947161458839
LogP,GLR_DESC,cdk_desc,gamma,50,0.7,0.8198061744117546,0.8531304735747052,0.8693483346659583,0.7369397149946004
LogP,GLR_DESC,rdkit_desc,gaussian,50,0.1,0.6235978609404678,0.5783285130445481,0.6868688313275262,0.605596238449329
LogP,GLR_DESC,rdkit_desc,gamma,50,0.1,0.9349600089291222,0.9084158061070189,1.03605320289868,0.860411017781668
LogP,GLR_DESC,rdkit_desc,gaussian,50,0.3,0.6372530692161825,0.5859231983110967,0.7026349427007034,0.6232010666367477
LogP,GLR_DESC,rdkit_desc,gamma,50,0.3,0.8920753108592556,0.8626186446258788,0.9665044253888341,0.8471028625630543
LogP,GLR_DESC,rdkit_desc,gaussian,50,0.5,0.6493961596933733,0.5958715029207116,0.7163604836766949,0.6359564924827134
LogP,GLR_DESC,rdkit_desc,gamma,50,0.5,0.8836430104699788,0.8506599757450722,0.9605299713720731,0.8397390842927914
LogP,GLR_DESC,rdkit_desc,gaussian,50,0.7,0.6605365432000694,0.605798710401375,0.7290508941836135,0.6467600250152196
LogP,GLR_DESC,rdkit_desc,gamma,50,0.7,0.8814375199030057,0.8452446768247222,0.9634446329040749,0.8356232499802203
LogP,GLR_DESC,cdk_desc,gaussian,100,0.1,0.5676760886182995,0.5626362178554186,0.5938018046057377,0.5465902433937423
LogP,GLR_DESC,cdk_desc,gamma,100,0.1,0.7750911859130347,0.9108303214178117,0.7336980309992088,0.6807452053220838
LogP,GLR_DESC,cdk_desc,gaussian,100,0.3,0.5918443983763524,0.5691483018092811,0.6285993342825569,0.5777855590372193
LogP,GLR_DESC,cdk_desc,gamma,100,0.3,1.1396402946958535,1.9321511424700355,0.7938412583483471,0.6929284832691782
LogP,GLR_DESC,cdk_desc,gaussian,100,0.5,0.6097642932315325,0.5769338942984592,0.6537473385680146,0.5986116468281237
LogP,GLR_DESC,cdk_desc,gamma,100,0.5,0.8471088585290578,0.9888860568898504,0.8370579673562646,0.7153825513410584
LogP,GLR_DESC,cdk_desc,gaussian,100,0.7,0.6260195009537213,0.5871056394841542,0.675058147231125,0.6158947161458845
LogP,GLR_DESC,cdk_desc,gamma,100,0.7,0.8198061744117533,0.8531304735747021,0.8693483346659578,0.7369397149946001
LogP,GLR_DESC,rdkit_desc,gaussian,100,0.1,0.6235978609404684,0.5783285130445496,0.6868688313275265,0.6055962384493294
LogP,GLR_DESC,rdkit_desc,gamma,100,0.1,0.9349600089291222,0.9084158061070178,1.0360532028986804,0.8604110177816687
LogP,GLR_DESC,rdkit_desc,gaussian,100,0.3,0.6372530692161825,0.5859231983110967,0.702634942700703,0.6232010666367479
LogP,GLR_DESC,rdkit_desc,gamma,100,0.3,0.8920753108592555,0.8626186446258788,0.9665044253888336,0.8471028625630541
LogP,GLR_DESC,rdkit_desc,gaussian,100,0.5,0.6493961596933733,0.5958715029207118,0.7163604836766946,0.6359564924827135
LogP,GLR_DESC,rdkit_desc,gamma,100,0.5,0.8836430104699791,0.8506599757450726,0.9605299713720731,0.8397390842927915
LogP,GLR_DESC,rdkit_desc,gaussian,100,0.7,0.6605365432000694,0.6057987104013748,0.7290508941836138,0.6467600250152198
LogP,GLR_DESC,rdkit_desc,gamma,100,0.7,0.8814375199030061,0.8452446768247235,0.9634446329040746,0.8356232499802206
Caco2,GLR_DESC,cdk_desc,gaussian,10,0.1,0.663674153580058,0.655934434051449,0.7419862438650294,0.5931017828236955
Caco2,GLR_DESC,cdk_desc,gamma,10,0.1,0.9232574160291797,0.8107817922535036,1.300840311383919,0.6581501444501164
Caco2,GLR_DESC,cdk_desc,gaussian,10,0.3,0.6154513742432237,0.6266383033464532,0.6943911769051514,0.5253246424780668
Caco2,GLR_DESC,cdk_desc,gamma,10,0.3,0.6789581420267906,0.6816760605931892,0.7668107891000958,0.5883875763870872
Caco2,GLR_DESC,cdk_desc,gaussian,10,0.5,0.6053861167306144,0.6208864686439727,0.6830266263473627,0.5122452552005079
Caco2,GLR_DESC,cdk_desc,gamma,10,0.5,0.6347944364382381,0.6459242558427966,0.6993119525235578,0.5591471009483602
Caco2,GLR_DESC,cdk_desc,gaussian,10,0.7,0.6018699525523277,0.6196341820816264,0.6776063475506722,0.5083693280246848
Caco2,GLR_DESC,cdk_desc,gamma,10,0.7,0.6166466172149442,0.630280477065572,0.6768480302435804,0.5428113443356801
Caco2,GLR_DESC,rdkit_desc,gaussian,10,0.1,0.7478655045706686,0.7198780215431985,0.766630783082547,0.7570877090862607
Caco2,GLR_DESC,rdkit_desc,gamma,10,0.1,0.701455519873111,0.7209024259497698,0.7048540816775418,0.6786100519920217
Caco2,GLR_DESC,rdkit_desc,gaussian,10,0.3,0.664650434964773,0.6363651754265025,0.716075879013931,0.6415102504538855
Caco2,GLR_DESC,rdkit_desc,gamma,10,0.3,0.6327373770055442,0.6476966711293738,0.653649603275439,0.5968658566118199
Caco2,GLR_DESC,rdkit_desc,gaussian,10,0.5,0.6380608480775456,0.6148001770075023,0.6965058365363135,0.6028765306888211
Caco2,GLR_DESC,rdkit_desc,gamma,10,0.5,0.6091324173211597,0.6213452943314867,0.6372617312724707,0.5687902263595223
Caco2,GLR_DESC,rdkit_desc,gaussian,10,0.7,0.6256198276119369,0.6077751504144052,0.6873524546505769,0.5817318777708287
Caco2,GLR_DESC,rdkit_desc,gamma,10,0.7,0.5976460089646105,0.6096410070452163,0.6297473650012813,0.5535496548473341
Caco2,GLR_DESC,cdk_desc,gaussian,50,0.1,0.6636741535800578,0.6559344340514491,0.7419862438650286,0.5931017828236957
Caco2,GLR_DESC,cdk_desc,gamma,50,0.1,0.9232574160291798,0.8107817922535044,1.3008403113839193,0.6581501444501158
Caco2,GLR_DESC,cdk_desc,gaussian,50,0.3,0.6154513742432242,0.6266383033464532,0.6943911769051521,0.525324642478067
Caco2,GLR_DESC,cdk_desc,gamma,50,0.3,0.6789581420267902,0.6816760605931895,0.7668107891000949,0.5883875763870862
Caco2,GLR_DESC,cdk_desc,gaussian,50,0.5,0.6053861167306147,0.6208864686439728,0.6830266263473632,0.512245255200508
Caco2,GLR_DESC,cdk_desc,gamma,50,0.5,0.6347944364382383,0.6459242558427962,0.699311952523558,0.5591471009483607
Caco2,GLR_DESC,cdk_desc,gaussian,50,0.7,0.6018699525523279,0.6196341820816266,0.6776063475506725,0.5083693280246848
Caco2,GLR_DESC,cdk_desc,gamma,50,0.7,0.6166466172149441,0.630280477065572,0.67684803024358,0.5428113443356801
Caco2,GLR_DESC,rdkit_desc,gaussian,50,0.1,0.7478655045706686,0.7198780215431984,0.7666307830825473,0.7570877090862603
Caco2,GLR_DESC,rdkit_desc,gamma,50,0.1,0.7014555198731112,0.7209024259497704,0.7048540816775416,0.6786100519920217
Caco2,GLR_DESC,rdkit_desc,gaussian,50,0.3,0.664650434964773,0.6363651754265026,0.7160758790139311,0.6415102504538857
Caco2,GLR_DESC,rdkit_desc,gamma,50,0.3,0.6327373770055441,0.6476966711293735,0.6536496032754389,0.5968658566118201
Caco2,GLR_DESC,rdkit_desc,gaussian,50,0.5,0.6380608480775456,0.6148001770075023,0.6965058365363135,0.602876530688821
Caco2,GLR_DESC,rdkit_desc,gamma,50,0.5,0.6091324173211599,0.621345294331487,0.6372617312724702,0.5687902263595225
Caco2,GLR_DESC,rdkit_desc,gaussian,50,0.7,0.6256198276119367,0.6077751504144051,0.6873524546505766,0.5817318777708287
Caco2,GLR_DESC,rdkit_desc,gamma,50,0.7,0.5976460089646105,0.6096410070452164,0.6297473650012814,0.5535496548473339
Caco2,GLR_DESC,cdk_desc,gaussian,100,0.1,0.6636741535800577,0.6559344340514491,0.7419862438650286,0.5931017828236956
Caco2,GLR_DESC,cdk_desc,gamma,100,0.1,0.9232574160291807,0.8107817922535038,1.3008403113839222,0.6581501444501161
Caco2,GLR_DESC,cdk_desc,gaussian,100,0.3,0.615451374243224,0.6266383033464533,0.6943911769051521,0.5253246424780669
Caco2,GLR_DESC,cdk_desc,gamma,100,0.3,0.6789581420267906,0.6816760605931893,0.7668107891000959,0.5883875763870869
Caco2,GLR_DESC,cdk_desc,gaussian,100,0.5,0.6053861167306144,0.6208864686439727,0.6830266263473629,0.5122452552005078
Caco2,GLR_DESC,cdk_desc,gamma,100,0.5,0.6347944364382381,0.6459242558427958,0.6993119525235583,0.5591471009483602
Caco2,GLR_DESC,cdk_desc,gaussian,100,0.7,0.6018699525523279,0.6196341820816262,0.6776063475506725,0.5083693280246849
Caco2,GLR_DESC,cdk_desc,gamma,100,0.7,0.6166466172149442,0.630280477065572,0.6768480302435804,0.5428113443356801
Caco2,GLR_DESC,rdkit_desc,gaussian,100,0.1,0.7478655045706689,0.7198780215431987,0.766630783082548,0.7570877090862601
Caco2,GLR_DESC,rdkit_desc,gamma,100,0.1,0.7014555198731109,0.7209024259497698,0.7048540816775424,0.6786100519920205
Caco2,GLR_DESC,rdkit_desc,gaussian,100,0.3,0.6646504349647729,0.6363651754265025,0.7160758790139309,0.6415102504538857
Caco2,GLR_DESC,rdkit_desc,gamma,100,0.3,0.6327373770055442,0.6476966711293735,0.6536496032754393,0.59686585661182
Caco2,GLR_DESC,rdkit_desc,gaussian,100,0.5,0.6380608480775455,0.6148001770075023,0.6965058365363136,0.6028765306888207
Caco2,GLR_DESC,rdkit_desc,gamma,100,0.5,0.6091324173211599,0.621345294331487,0.6372617312724704,0.5687902263595223
Caco2,GLR_DESC,rdkit_desc,gaussian,100,0.7,0.6256198276119368,0.6077751504144052,0.6873524546505766,0.5817318777708286
Caco2,GLR_DESC,rdkit_desc,gamma,100,0.7,0.5976460089646107,0.6096410070452164,0.6297473650012817,0.5535496548473344
Chagas,GLR_DESC,cdk_desc,gaussian,10,0.1,0.6015261379965076,0.6193153626444973,0.5707864036428288,0.6144766477021966
Chagas,GLR_DESC,cdk_desc,gamma,10,0.1,0.6070522112249771,0.6245724552215897,0.5806337364320346,0.6159504420213072
Chagas,GLR_DESC,cdk_desc,gaussian,10,0.3,0.6049893383614904,0.6218266016061147,0.5779550108839032,0.6151864025944531
Chagas,GLR_DESC,cdk_desc,gamma,10,0.3,0.6133480340335669,0.6355118042700365,0.588402866844476,0.6161294309861879
Chagas,GLR_DESC,cdk_desc,gaussian,10,0.5,0.6111277827512291,0.6255730969234592,0.5875260288898174,0.620284222440411
Chagas,GLR_DESC,cdk_desc,gamma,10,0.5,0.6176206687003629,0.637092412850717,0.5966183970998168,0.619151196150555
Chagas,GLR_DESC,cdk_desc,gaussian,10,0.7,0.6170726846920862,0.6299057353571839,0.5960386410679192,0.6252736776511557
Chagas,GLR_DESC,cdk_desc,gamma,10,0.7,0.6217943113175479,0.6390376294693318,0.6037163606886317,0.6226289437946803
Chagas,GLR_DESC,rdkit_desc,gaussian,10,0.1,0.6421497636161546,0.6993514788683832,0.5895707382238119,0.6375270737562688
Chagas,GLR_DESC,rdkit_desc,gamma,10,0.1,0.7287275962518788,0.9530218409465139,0.5959903690311736,0.6371705787779488
Chagas,GLR_DESC,rdkit_desc,gaussian,10,0.3,0.6457228083094895,0.69461362450068,0.59721093922036,0.6453438612074285
Chagas,GLR_DESC,rdkit_desc,gamma,10,0.3,0.6927174310212791,0.8357510625898866,0.601738815165952,0.6406624153079992
Chagas,GLR_DESC,rdkit_desc,gaussian,10,0.5,0.6480533213585227,0.6890668362769092,0.6050113357945968,0.650081792004062
Chagas,GLR_DESC,rdkit_desc,gamma,10,0.5,0.6743545137884779,0.7705520248390675,0.608433892495805,0.644077624030561
Chagas,GLR_DESC,rdkit_desc,gaussian,10,0.7,0.6502776303383296,0.6852148459630472,0.6122233569144026,0.6533946881375395
Chagas,GLR_DESC,rdkit_desc,gamma,10,0.7,0.6660298031900127,0.7362929188020446,0.6148955748576209,0.6469009159103724
Chagas,GLR_DESC,cdk_desc,gaussian,50,0.1,0.6015261379965081,0.6193153626444973,0.5707864036428298,0.6144766477021972
Chagas,GLR_DESC,cdk_desc,gamma,50,0.1,0.6070522112249743,0.6245724552215808,0.580633736432035,0.6159504420213074
Chagas,GLR_DESC,cdk_desc,gaussian,50,0.3,0.6049893383614903,0.6218266016061146,0.5779550108839031,0.6151864025944533
Chagas,GLR_DESC,cdk_desc,gamma,50,0.3,0.6133480340335669,0.6355118042700368,0.5884028668444757,0.616129430986188
Chagas,GLR_DESC,cdk_desc,gaussian,50,0.5,0.611127782751229,0.625573096923459,0.5875260288898174,0.6202842224404109
Chagas,GLR_DESC,cdk_desc,gamma,50,0.5,0.617620668700363,0.6370924128507168,0.5966183970998167,0.6191511961505556
Chagas,GLR_DESC,cdk_desc,gaussian,50,0.7,0.6170726846920861,0.6299057353571837,0.5960386410679192,0.6252736776511557
Chagas,GLR_DESC,cdk_desc,gamma,50,0.7,0.6217943113175481,0.639037629469332,0.6037163606886319,0.6226289437946805
Chagas,GLR_DESC,rdkit_desc,gaussian,50,0.1,0.6421497636161543,0.6993514788683823,0.5895707382238111,0.6375270737562694
Chagas,GLR_DESC,rdkit_desc,gamma,50,0.1,0.7287275962518801,0.9530218409465193,0.5959903690311736,0.6371705787779477
Chagas,GLR_DESC,rdkit_desc,gaussian,50,0.3,0.6457228083094895,0.6946136245006803,0.5972109392203598,0.6453438612074286
Chagas,GLR_DESC,rdkit_desc,gamma,50,0.3,0.6927174310212789,0.8357510625898863,0.6017388151659523,0.6406624153079986
Chagas,GLR_DESC,rdkit_desc,gaussian,50,0.5,0.6480533213585227,0.6890668362769088,0.6050113357945973,0.650081792004062
Chagas,GLR_DESC,rdkit_desc,gamma,50,0.5,0.6743545137884774,0.770552024839067,0.6084338924958048,0.6440776240305607
Chagas,GLR_DESC,rdkit_desc,gaussian,50,0.7,0.65027763033833,0.6852148459630479,0.6122233569144029,0.6533946881375392
Chagas,GLR_DESC,rdkit_desc,gamma,50,0.7,0.6660298031900125,0.7362929188020444,0.6148955748576205,0.646900915910373
Chagas,GLR_DESC,cdk_desc,gaussian,100,0.1,0.6015261379965079,0.619315362644497,0.5707864036428295,0.6144766477021972
Chagas,GLR_DESC,cdk_desc,gamma,100,0.1,0.6070522112249753,0.6245724552215847,0.5806337364320342,0.6159504420213074
Chagas,GLR_DESC,cdk_desc,gaussian,100,0.3,0.6049893383614899,0.6218266016061135,0.577955010883903,0.6151864025944537
Chagas,GLR_DESC,cdk_desc,gamma,100,0.3,0.6133480340335669,0.6355118042700366,0.5884028668444762,0.6161294309861879
Chagas,GLR_DESC,cdk_desc,gaussian,100,0.5,0.6111277827512287,0.6255730969234587,0.5875260288898169,0.6202842224404108
Chagas,GLR_DESC,cdk_desc,gamma,100,0.5,0.6176206687003628,0.6370924128507168,0.5966183970998161,0.6191511961505557
Chagas,GLR_DESC,cdk_desc,gaussian,100,0.7,0.6170726846920862,0.6299057353571837,0.596038641067919,0.6252736776511558
Chagas,GLR_DESC,cdk_desc,gamma,100,0.7,0.6217943113175484,0.6390376294693324,0.6037163606886324,0.6226289437946804
Chagas,GLR_DESC,rdkit_desc,gaussian,100,0.1,0.6421497636161545,0.6993514788683818,0.5895707382238125,0.6375270737562693
Chagas,GLR_DESC,rdkit_desc,gamma,100,0.1,0.7287275962518767,0.9530218409465088,0.595990369031173,0.6371705787779487
Chagas,GLR_DESC,rdkit_desc,gaussian,100,0.3,0.6457228083094898,0.6946136245006809,0.5972109392203601,0.6453438612074285
Chagas,GLR_DESC,rdkit_desc,gamma,100,0.3,0.6927174310212788,0.8357510625898843,0.6017388151659531,0.6406624153079992
Chagas,GLR_DESC,rdkit_desc,gaussian,100,0.5,0.6480533213585224,0.6890668362769083,0.6050113357945974,0.6500817920040618
Chagas,GLR_DESC,rdkit_desc,gamma,100,0.5,0.6743545137884777,0.7705520248390662,0.6084338924958052,0.6440776240305615
Chagas,GLR_DESC,rdkit_desc,gaussian,100,0.7,0.6502776303383299,0.6852148459630474,0.6122233569144026,0.6533946881375396
Chagas,GLR_DESC,rdkit_desc,gamma,100,0.7,0.6660298031900126,0.7362929188020446,0.6148955748576203,0.6469009159103731
MouseRatTox,GLR_DESC,cdk_desc,gaussian,10,0.1,1.371939371043231,1.4068566027206972,1.3199791783478256,1.3889823320611705
MouseRatTox,GLR_DESC,cdk_desc,gamma,10,0.1,1.5703386846989775,1.3924615165328003,1.2486117422743577,2.069942795289775
MouseRatTox,GLR_DESC,cdk_desc,gaussian,10,0.3,1.2915795674745607,1.336464573830249,1.2627711357833853,1.2755029928100483
MouseRatTox,GLR_DESC,cdk_desc,gamma,10,0.3,1.290926916888471,1.3402778181800306,1.2014174424098687,1.331085490075514
MouseRatTox,GLR_DESC,cdk_desc,gaussian,10,0.5,1.2648937340768112,1.3203522970168287,1.2384971875892565,1.2358317176243485
MouseRatTox,GLR_DESC,cdk_desc,gamma,10,0.5,1.254733806063416,1.3264569276149174,1.1936650873480144,1.2440794032273155
MouseRatTox,GLR_DESC,cdk_desc,gaussian,10,0.7,1.252828825500825,1.3129624582876402,1.2268922295452764,1.2186317886695581
MouseRatTox,GLR_DESC,cdk_desc,gamma,10,0.7,1.245461115489416,1.3216401284107673,1.1946390219646856,1.2201041960927954
MouseRatTox,GLR_DESC,rdkit_desc,gaussian,10,0.1,1.1723787185417864,1.2464578385302114,1.1042093151116668,1.1664690019834811
MouseRatTox,GLR_DESC,rdkit_desc,gamma,10,0.1,1.2610282343045909,1.3019940425253558,1.1167132755753826,1.364377384813035
MouseRatTox,GLR_DESC,rdkit_desc,gaussian,10,0.3,1.1813025633697614,1.2348612206125273,1.1344020134181796,1.1746444560785776
MouseRatTox,GLR_DESC,rdkit_desc,gamma,10,0.3,1.210673528368361,1.2729029380969896,1.1508351336029314,1.2082825134051627
MouseRatTox,GLR_DESC,rdkit_desc,gaussian,10,0.5,1.1932893642073226,1.237236264239973,1.1519838633010437,1.1906479650809514
MouseRatTox,GLR_DESC,rdkit_desc,gamma,10,0.5,1.219100835470083,1.2702880166043466,1.1694307978601766,1.2175836919457255
MouseRatTox,GLR_DESC,rdkit_desc,gaussian,10,0.7,1.2036939081768137,1.2427438824240313,1.1644617598311424,1.2038760822752679
MouseRatTox,GLR_DESC,rdkit_desc,gamma,10,0.7,1.2285959565314786,1.2736763537485118,1.182286832291455,1.2298246835544688
MouseRatTox,GLR_DESC,cdk_desc,gaussian,50,0.1,1.371939371043231,1.4068566027206966,1.3199791783478259,1.3889823320611712
MouseRatTox,GLR_DESC,cdk_desc,gamma,50,0.1,1.5703386846989726,1.3924615165328007,1.2486117422743577,2.069942795289759
MouseRatTox,GLR_DESC,cdk_desc,gaussian,50,0.3,1.2915795674745603,1.336464573830249,1.2627711357833842,1.2755029928100483
MouseRatTox,GLR_DESC,cdk_desc,gamma,50,0.3,1.2909269168884712,1.3402778181800312,1.2014174424098691,1.3310854900755136
MouseRatTox,GLR_DESC,cdk_desc,gaussian,50,0.5,1.2648937340768112,1.3203522970168287,1.2384971875892568,1.2358317176243485
MouseRatTox,GLR_DESC,cdk_desc,gamma,50,0.5,1.2547338060634154,1.3264569276149174,1.1936650873480141,1.2440794032273155
MouseRatTox,GLR_DESC,cdk_desc,gaussian,50,0.7,1.252828825500825,1.3129624582876405,1.2268922295452764,1.2186317886695583
MouseRatTox,GLR_DESC,cdk_desc,gamma,50,0.7,1.245461115489416,1.3216401284107673,1.1946390219646852,1.2201041960927954
MouseRatTox,GLR_DESC,rdkit_desc,gaussian,50,0.1,1.1723787185417862,1.2464578385302116,1.1042093151116663,1.166469001983481
MouseRatTox,GLR_DESC,rdkit_desc,gamma,50,0.1,1.2610282343045909,1.301994042525356,1.1167132755753826,1.364377384813034
MouseRatTox,GLR_DESC,rdkit_desc,gaussian,50,0.3,1.1813025633697618,1.2348612206125273,1.1344020134181805,1.1746444560785778
MouseRatTox,GLR_DESC,rdkit_desc,gamma,50,0.3,1.210673528368361,1.2729029380969892,1.150835133602931,1.2082825134051631
MouseRatTox,GLR_DESC,rdkit_desc,gaussian,50,0.5,1.1932893642073228,1.2372362642399732,1.151983863301044,1.1906479650809514
MouseRatTox,GLR_DESC,rdkit_desc,gamma,50,0.5,1.219100835470083,1.2702880166043466,1.1694307978601766,1.2175836919457257
MouseRatTox,GLR_DESC,rdkit_desc,gaussian,50,0.7,1.2036939081768137,1.2427438824240313,1.164461759831142,1.2038760822752677
MouseRatTox,GLR_DESC,rdkit_desc,gamma,50,0.7,1.228595956531479,1.2736763537485125,1.1822868322914553,1.2298246835544693
MouseRatTox,GLR_DESC,cdk_desc,gaussian,100,0.1,1.3719393710432315,1.4068566027206963,1.319979178347826,1.3889823320611723
MouseRatTox,GLR_DESC,cdk_desc,gamma,100,0.1,1.5703386846989833,1.3924615165328007,1.2486117422743577,2.0699427952897915
MouseRatTox,GLR_DESC,cdk_desc,gaussian,100,0.3,1.2915795674745605,1.3364645738302485,1.2627711357833848,1.2755029928100483
MouseRatTox,GLR_DESC,cdk_desc,gamma,100,0.3,1.2909269168884703,1.3402778181800312,1.2014174424098687,1.3310854900755116
MouseRatTox,GLR_DESC,cdk_desc,gaussian,100,0.5,1.2648937340768112,1.3203522970168287,1.2384971875892568,1.2358317176243485
MouseRatTox,GLR_DESC,cdk_desc,gamma,100,0.5,1.2547338060634161,1.326456927614918,1.1936650873480144,1.244079403227316
MouseRatTox,GLR_DESC,cdk_desc,gaussian,100,0.7,1.252828825500825,1.3129624582876405,1.2268922295452767,1.2186317886695581
MouseRatTox,GLR_DESC,cdk_desc,gamma,100,0.7,1.245461115489416,1.3216401284107673,1.1946390219646856,1.2201041960927947
MouseRatTox,GLR_DESC,rdkit_desc,gaussian,100,0.1,1.1723787185417864,1.2464578385302116,1.1042093151116665,1.1664690019834811
MouseRatTox,GLR_DESC,rdkit_desc,gamma,100,0.1,1.2610282343045935,1.3019940425253562,1.1167132755753826,1.3643773848130416
MouseRatTox,GLR_DESC,rdkit_desc,gaussian,100,0.3,1.1813025633697616,1.2348612206125273,1.1344020134181798,1.1746444560785778
MouseRatTox,GLR_DESC,rdkit_desc,gamma,100,0.3,1.2106735283683612,1.2729029380969892,1.1508351336029308,1.2082825134051638
MouseRatTox,GLR_DESC,rdkit_desc,gaussian,100,0.5,1.1932893642073223,1.2372362642399728,1.1519838633010435,1.1906479650809512
MouseRatTox,GLR_DESC,rdkit_desc,gamma,100,0.5,1.2191008354700827,1.2702880166043462,1.1694307978601768,1.2175836919457255
MouseRatTox,GLR_DESC,rdkit_desc,gaussian,100,0.7,1.2036939081768139,1.2427438824240313,1.1644617598311424,1.203876082275268
MouseRatTox,GLR_DESC,rdkit_desc,gamma,100,0.7,1.2285959565314786,1.2736763537485118,1.182286832291455,1.2298246835544688
MalariaNovartis,GLR_DESC,cdk_desc,gaussian,10,0.1,0.583464354861238,0.5843455734333618,0.5755672119655612,0.5904802791847912
MalariaNovartis,GLR_DESC,cdk_desc,gamma,10,0.1,0.5820028189427316,0.5821558220313741,0.5743282922484647,0.5895243425483564
MalariaNovartis,GLR_DESC,cdk_desc,gaussian,10,0.3,0.5866653148067147,0.5903226186146373,0.5771253046222065,0.5925480211833006
MalariaNovartis,GLR_DESC,cdk_desc,gamma,10,0.3,0.5845107847260494,0.5868619241084773,0.5757681501648202,0.5909022799048512
MalariaNovartis,GLR_DESC,cdk_desc,gaussian,10,0.5,0.5890391233103923,0.5943835765557126,0.5782503071916508,0.5944834861838134
MalariaNovartis,GLR_DESC,cdk_desc,gamma,10,0.5,0.586355764228252,0.5901553160466956,0.5766807522776266,0.5922312243604338
MalariaNovartis,GLR_DESC,cdk_desc,gaussian,10,0.7,0.5910339238449003,0.5975580335949449,0.5792803896295147,0.5962633483102416
MalariaNovartis,GLR_DESC,cdk_desc,gamma,10,0.7,0.5879182790907005,0.5927976104040481,0.5774612940363875,0.5934959328316662
MalariaNovartis,GLR_DESC,rdkit_desc,gaussian,10,0.1,0.5857445899216431,0.5932811805570413,0.5755326333045686,0.5884199559033197
MalariaNovartis,GLR_DESC,rdkit_desc,gamma,10,0.1,0.5849076614581863,0.5925918269081041,0.5753147065265503,0.5868164509399048
MalariaNovartis,GLR_DESC,rdkit_desc,gaussian,10,0.3,0.5892753663508901,0.5982441884746955,0.5763887462523793,0.5931931643255955
MalariaNovartis,GLR_DESC,rdkit_desc,gamma,10,0.3,0.587492367592296,0.596082655916404,0.5757052833671461,0.5906891634933379
MalariaNovartis,GLR_DESC,rdkit_desc,gaussian,10,0.5,0.5919416389233494,0.6017023229373447,0.5777576628670349,0.5963649309656687
MalariaNovartis,GLR_DESC,rdkit_desc,gamma,10,0.5,0.5894523757234676,0.5986068467505125,0.5764366381475029,0.5933136422723878
MalariaNovartis,GLR_DESC,rdkit_desc,gaussian,10,0.7,0.5941115911149838,0.604413731257736,0.5791310040907892,0.5987900379964264
MalariaNovartis,GLR_DESC,rdkit_desc,gamma,10,0.7,0.5911317327556292,0.600722909038674,0.5772969944221736,0.5953752948060402
MalariaNovartis,GLR_DESC,cdk_desc,gaussian,50,0.1,0.5834643548612379,0.5843455734333618,0.5755672119655608,0.5904802791847911
MalariaNovartis,GLR_DESC,cdk_desc,gamma,50,0.1,0.5820028189427315,0.5821558220313737,0.5743282922484647,0.5895243425483565
MalariaNovartis,GLR_DESC,cdk_desc,gaussian,50,0.3,0.5866653148067149,0.5903226186146373,0.5771253046222066,0.5925480211833006
MalariaNovartis,GLR_DESC,cdk_desc,gamma,50,0.3,0.5845107847260496,0.5868619241084774,0.5757681501648202,0.5909022799048512
MalariaNovartis,GLR_DESC,cdk_desc,gaussian,50,0.5,0.5890391233103922,0.5943835765557124,0.5782503071916508,0.5944834861838134
MalariaNovartis,GLR_DESC,cdk_desc,gamma,50,0.5,0.586355764228252,0.5901553160466955,0.5766807522776267,0.592231224360434
MalariaNovartis,GLR_DESC,cdk_desc,gaussian,50,0.7,0.5910339238449005,0.5975580335949449,0.5792803896295147,0.5962633483102419
MalariaNovartis,GLR_DESC,cdk_desc,gamma,50,0.7,0.5879182790907007,0.5927976104040482,0.5774612940363878,0.5934959328316662
MalariaNovartis,GLR_DESC,rdkit_desc,gaussian,50,0.1,0.5857445899216431,0.593281180557041,0.5755326333045686,0.5884199559033196
MalariaNovartis,GLR_DESC,rdkit_desc,gamma,50,0.1,0.5849076614581863,0.5925918269081042,0.5753147065265501,0.5868164509399045
MalariaNovartis,GLR_DESC,rdkit_desc,gaussian,50,0.3,0.5892753663508901,0.5982441884746954,0.5763887462523796,0.5931931643255953
MalariaNovartis,GLR_DESC,rdkit_desc,gamma,50,0.3,0.5874923675922958,0.596082655916404,0.5757052833671458,0.5906891634933379
MalariaNovartis,GLR_DESC,rdkit_desc,gaussian,50,0.5,0.5919416389233494,0.6017023229373447,0.5777576628670349,0.5963649309656688
MalariaNovartis,GLR_DESC,rdkit_desc,gamma,50,0.5,0.5894523757234676,0.5986068467505125,0.5764366381475029,0.5933136422723878
MalariaNovartis,GLR_DESC,rdkit_desc,gaussian,50,0.7,0.5941115911149839,0.6044137312577362,0.5791310040907894,0.5987900379964264
MalariaNovartis,GLR_DESC,rdkit_desc,gamma,50,0.7,0.5911317327556292,0.600722909038674,0.5772969944221736,0.5953752948060402
MalariaNovartis,GLR_DESC,cdk_desc,gaussian,100,0.1,0.5834643548612379,0.5843455734333618,0.5755672119655608,0.5904802791847912
MalariaNovartis,GLR_DESC,cdk_desc,gamma,100,0.1,0.5820028189427316,0.5821558220313738,0.5743282922484648,0.5895243425483564
MalariaNovartis,GLR_DESC,cdk_desc,gaussian,100,0.3,0.5866653148067147,0.5903226186146373,0.5771253046222063,0.5925480211833006
MalariaNovartis,GLR_DESC,cdk_desc,gamma,100,0.3,0.5845107847260496,0.5868619241084772,0.5757681501648204,0.5909022799048512
MalariaNovartis,GLR_DESC,cdk_desc,gaussian,100,0.5,0.5890391233103923,0.5943835765557126,0.5782503071916508,0.5944834861838134
MalariaNovartis,GLR_DESC,cdk_desc,gamma,100,0.5,0.586355764228252,0.5901553160466955,0.5766807522776266,0.592231224360434
MalariaNovartis,GLR_DESC,cdk_desc,gaussian,100,0.7,0.5910339238449003,0.5975580335949449,0.5792803896295147,0.5962633483102416
MalariaNovartis,GLR_DESC,cdk_desc,gamma,100,0.7,0.5879182790907007,0.5927976104040482,0.5774612940363876,0.5934959328316662
MalariaNovartis,GLR_DESC,rdkit_desc,gaussian,100,0.1,0.5857445899216431,0.5932811805570414,0.5755326333045685,0.5884199559033199
MalariaNovartis,GLR_DESC,rdkit_desc,gamma,100,0.1,0.5849076614581863,0.5925918269081041,0.5753147065265503,0.5868164509399045
MalariaNovartis,GLR_DESC,rdkit_desc,gaussian,100,0.3,0.5892753663508901,0.5982441884746954,0.5763887462523795,0.5931931643255954
MalariaNovartis,GLR_DESC,rdkit_desc,gamma,100,0.3,0.587492367592296,0.596082655916404,0.575705283367146,0.5906891634933379
MalariaNovartis,GLR_DESC,rdkit_desc,gaussian,100,0.5,0.5919416389233494,0.6017023229373446,0.5777576628670349,0.5963649309656687
MalariaNovartis,GLR_DESC,rdkit_desc,gamma,100,0.5,0.5894523757234676,0.5986068467505125,0.5764366381475027,0.5933136422723878
MalariaNovartis,GLR_DESC,rdkit_desc,gaussian,100,0.7,0.594111591114984,0.6044137312577362,0.5791310040907892,0.5987900379964265
MalariaNovartis,GLR_DESC,rdkit_desc,gamma,100,0.7,0.5911317327556294,0.600722909038674,0.5772969944221739,0.5953752948060403
TB_MDR,GLR_DESC,cdk_desc,gaussian,10,0.1,0.6594819458352089,0.6710427149519326,0.6638679937455819,0.6435351288081124
TB_MDR,GLR_DESC,cdk_desc,gamma,10,0.1,0.6558568272812835,0.6687787888662989,0.659102259091011,0.6396894338865405
TB_MDR,GLR_DESC,cdk_desc,gaussian,10,0.3,0.6657784770299787,0.679147451698729,0.6678003551490477,0.6503876242421597
TB_MDR,GLR_DESC,cdk_desc,gamma,10,0.3,0.660895747914315,0.6747031232930317,0.6631287933234662,0.6448553271264476
TB_MDR,GLR_DESC,cdk_desc,gaussian,10,0.5,0.6697353225503386,0.6837829520881715,0.6701873606962847,0.6552356548665595
TB_MDR,GLR_DESC,cdk_desc,gamma,10,0.5,0.6644716917852087,0.6786705573704657,0.6655290266607056,0.649215491324455
TB_MDR,GLR_DESC,cdk_desc,gaussian,10,0.7,0.6727939852997011,0.6872239276309509,0.6721129053399905,0.6590451229281623
TB_MDR,GLR_DESC,cdk_desc,gamma,10,0.7,0.6673515979152619,0.681780352544186,0.6674468067247035,0.6528276344768964
TB_MDR,GLR_DESC,rdkit_desc,gaussian,10,0.1,0.6729899635240191,0.681174345900028,0.6806430513224869,0.6571524933495423
TB_MDR,GLR_DESC,rdkit_desc,gamma,10,0.1,0.6684127703811724,0.677535791810308,0.6754120028829196,0.6522905164502901
TB_MDR,GLR_DESC,rdkit_desc,gaussian,10,0.3,0.6762848320815218,0.6859878524351145,0.6817031339365489,0.6611635098729021
TB_MDR,GLR_DESC,rdkit_desc,gamma,10,0.3,0.6719543067790729,0.6824477813244593,0.6775559685439949,0.6558591704687643
TB_MDR,GLR_DESC,rdkit_desc,gaussian,10,0.5,0.679095544655415,0.6898355629211744,0.6827062363978464,0.6647448346472243
TB_MDR,GLR_DESC,rdkit_desc,gamma,10,0.5,0.6746280410373859,0.6858656355012323,0.6788524502433075,0.6591660373676183
TB_MDR,GLR_DESC,rdkit_desc,gaussian,10,0.7,0.6816577820801473,0.6931726075488616,0.6838417813227602,0.6679589573688202
TB_MDR,GLR_DESC,rdkit_desc,gamma,10,0.7,0.6770568644876374,0.6888197413623243,0.6800992326261756,0.6622516194744124
TB_MDR,GLR_DESC,cdk_desc,gaussian,50,0.1,0.659481945835209,0.6710427149519328,0.6638679937455823,0.6435351288081123
TB_MDR,GLR_DESC,cdk_desc,gamma,50,0.1,0.6558568272812835,0.6687787888662989,0.6591022590910108,0.6396894338865405
TB_MDR,GLR_DESC,cdk_desc,gaussian,50,0.3,0.6657784770299787,0.679147451698729,0.6678003551490477,0.6503876242421597
TB_MDR,GLR_DESC,cdk_desc,gamma,50,0.3,0.660895747914315,0.6747031232930315,0.6631287933234663,0.6448553271264476
TB_MDR,GLR_DESC,cdk_desc,gaussian,50,0.5,0.6697353225503384,0.6837829520881714,0.6701873606962846,0.6552356548665595
TB_MDR,GLR_DESC,cdk_desc,gamma,50,0.5,0.6644716917852086,0.6786705573704653,0.6655290266607057,0.6492154913244549
TB_MDR,GLR_DESC,cdk_desc,gaussian,50,0.7,0.6727939852997011,0.6872239276309509,0.6721129053399906,0.6590451229281624
TB_MDR,GLR_DESC,cdk_desc,gamma,50,0.7,0.6673515979152619,0.6817803525441859,0.6674468067247034,0.6528276344768964
TB_MDR,GLR_DESC,rdkit_desc,gaussian,50,0.1,0.6729899635240189,0.681174345900028,0.6806430513224868,0.6571524933495421
TB_MDR,GLR_DESC,rdkit_desc,gamma,50,0.1,0.6684127703811724,0.677535791810308,0.6754120028829195,0.6522905164502897
TB_MDR,GLR_DESC,rdkit_desc,gaussian,50,0.3,0.6762848320815219,0.6859878524351145,0.6817031339365489,0.6611635098729024
TB_MDR,GLR_DESC,rdkit_desc,gamma,50,0.3,0.6719543067790728,0.6824477813244593,0.6775559685439948,0.6558591704687641
TB_MDR,GLR_DESC,rdkit_desc,gaussian,50,0.5,0.679095544655415,0.6898355629211744,0.6827062363978463,0.6647448346472243
TB_MDR,GLR_DESC,rdkit_desc,gamma,50,0.5,0.6746280410373858,0.6858656355012321,0.6788524502433073,0.6591660373676183
TB_MDR,GLR_DESC,rdkit_desc,gaussian,50,0.7,0.6816577820801474,0.6931726075488617,0.6838417813227601,0.6679589573688203
TB_MDR,GLR_DESC,rdkit_desc,gamma,50,0.7,0.6770568644876374,0.6888197413623243,0.6800992326261756,0.6622516194744121
TB_MDR,GLR_DESC,cdk_desc,gaussian,100,0.1,0.659481945835209,0.6710427149519329,0.6638679937455823,0.6435351288081119
TB_MDR,GLR_DESC,cdk_desc,gamma,100,0.1,0.6558568272812834,0.6687787888662986,0.6591022590910108,0.6396894338865409
TB_MDR,GLR_DESC,cdk_desc,gaussian,100,0.3,0.6657784770299787,0.679147451698729,0.6678003551490477,0.6503876242421597
TB_MDR,GLR_DESC,cdk_desc,gamma,100,0.3,0.6608957479143152,0.6747031232930317,0.6631287933234665,0.6448553271264473
TB_MDR,GLR_DESC,cdk_desc,gaussian,100,0.5,0.6697353225503386,0.6837829520881714,0.6701873606962846,0.6552356548665597
TB_MDR,GLR_DESC,cdk_desc,gamma,100,0.5,0.6644716917852087,0.6786705573704656,0.6655290266607055,0.649215491324455
TB_MDR,GLR_DESC,cdk_desc,gaussian,100,0.7,0.6727939852997011,0.6872239276309509,0.6721129053399906,0.6590451229281623
TB_MDR,GLR_DESC,cdk_desc,gamma,100,0.7,0.6673515979152619,0.6817803525441859,0.6674468067247035,0.6528276344768965
TB_MDR,GLR_DESC,rdkit_desc,gaussian,100,0.1,0.6729899635240189,0.6811743459000279,0.6806430513224868,0.6571524933495421
TB_MDR,GLR_DESC,rdkit_desc,gamma,100,0.1,0.6684127703811724,0.677535791810308,0.6754120028829196,0.6522905164502898
TB_MDR,GLR_DESC,rdkit_desc,gaussian,100,0.3,0.6762848320815216,0.6859878524351145,0.6817031339365487,0.6611635098729018
TB_MDR,GLR_DESC,rdkit_desc,gamma,100,0.3,0.6719543067790728,0.6824477813244593,0.6775559685439949,0.6558591704687641
TB_MDR,GLR_DESC,rdkit_desc,gaussian,100,0.5,0.679095544655415,0.6898355629211745,0.6827062363978463,0.6647448346472243
TB_MDR,GLR_DESC,rdkit_desc,gamma,100,0.5,0.6746280410373858,0.6858656355012321,0.6788524502433073,0.6591660373676183
TB_MDR,GLR_DESC,rdkit_desc,gaussian,100,0.7,0.6816577820801473,0.6931726075488616,0.6838417813227601,0.6679589573688204
TB_MDR,GLR_DESC,rdkit_desc,gamma,100,0.7,0.6770568644876374,0.6888197413623243,0.6800992326261756,0.6622516194744124
ADMECaco2,GLR_DESC,cdk_desc,gaussian,10,0.1,0.7023779945646362,0.6228506229150963,0.8045378068175848,0.6797455539612277
ADMECaco2,GLR_DESC,cdk_desc,gamma,10,0.1,0.7471839155838473,0.6220192849959048,0.9134570428234293,0.7060754189322084
ADMECaco2,GLR_DESC,cdk_desc,gaussian,10,0.3,0.6852554587015837,0.6396209244133114,0.757432817705619,0.6587126339858208
ADMECaco2,GLR_DESC,cdk_desc,gamma,10,0.3,0.7031752377394132,0.6323405010986038,0.8125595526203422,0.6646256594992935
ADMECaco2,GLR_DESC,cdk_desc,gaussian,10,0.5,0.6827160641663857,0.6566604626032594,0.7369053137892411,0.6545824161066568
ADMECaco2,GLR_DESC,cdk_desc,gamma,10,0.5,0.6928964655318129,0.6496771880746075,0.7735849095228774,0.6554272989979537
ADMECaco2,GLR_DESC,cdk_desc,gaussian,10,0.7,0.6833168046547384,0.6707776787432327,0.7255022455443619,0.6536704896766206
ADMECaco2,GLR_DESC,cdk_desc,gamma,10,0.7,0.6890776217430982,0.6630481533257893,0.752196275547935,0.6519884363555705
ADMECaco2,GLR_DESC,rdkit_desc,gaussian,10,0.1,0.6862250826690044,0.6598487657123301,0.7455751958993196,0.6532512863953635
ADMECaco2,GLR_DESC,rdkit_desc,gamma,10,0.1,0.7170149686396301,0.7283879109641285,0.7571645436409324,0.6654924513138295
ADMECaco2,GLR_DESC,rdkit_desc,gaussian,10,0.3,0.6747680468105854,0.6646204344486977,0.7160831448291962,0.6436005611538624
ADMECaco2,GLR_DESC,rdkit_desc,gamma,10,0.3,0.6867661846875347,0.6903834397000085,0.725682739224315,0.6442323751382808
ADMECaco2,GLR_DESC,rdkit_desc,gaussian,10,0.5,0.6766303577300019,0.67509951843605,0.7084162867529106,0.6463752680010453
ADMECaco2,GLR_DESC,rdkit_desc,gamma,10,0.5,0.6825414945850149,0.6864564815264524,0.7164809702592214,0.6446870319693712
ADMECaco2,GLR_DESC,rdkit_desc,gaussian,10,0.7,0.6805422497286329,0.6855632776078153,0.7058305940367374,0.6502328775413458
ADMECaco2,GLR_DESC,rdkit_desc,gamma,10,0.7,0.6828470368235036,0.6889088972481243,0.7121216797391866,0.6475105334831999
ADMECaco2,GLR_DESC,cdk_desc,gaussian,50,0.1,0.702377994564636,0.6228506229150962,0.8045378068175845,0.6797455539612277
ADMECaco2,GLR_DESC,cdk_desc,gamma,50,0.1,0.7471839155838476,0.6220192849959048,0.9134570428234292,0.7060754189322085
ADMECaco2,GLR_DESC,cdk_desc,gaussian,50,0.3,0.6852554587015837,0.6396209244133114,0.757432817705619,0.6587126339858208
ADMECaco2,GLR_DESC,cdk_desc,gamma,50,0.3,0.703175237739413,0.6323405010986037,0.8125595526203422,0.6646256594992934
ADMECaco2,GLR_DESC,cdk_desc,gaussian,50,0.5,0.6827160641663857,0.6566604626032595,0.7369053137892411,0.6545824161066568
ADMECaco2,GLR_DESC,cdk_desc,gamma,50,0.5,0.6928964655318129,0.6496771880746075,0.7735849095228774,0.6554272989979537
ADMECaco2,GLR_DESC,cdk_desc,gaussian,50,0.7,0.6833168046547384,0.6707776787432328,0.7255022455443619,0.6536704896766207
ADMECaco2,GLR_DESC,cdk_desc,gamma,50,0.7,0.6890776217430982,0.6630481533257893,0.7521962755479348,0.6519884363555705
ADMECaco2,GLR_DESC,rdkit_desc,gaussian,50,0.1,0.6862250826690044,0.6598487657123301,0.7455751958993195,0.6532512863953635
ADMECaco2,GLR_DESC,rdkit_desc,gamma,50,0.1,0.7170149686396302,0.7283879109641289,0.7571645436409324,0.6654924513138294
ADMECaco2,GLR_DESC,rdkit_desc,gaussian,50,0.3,0.6747680468105854,0.6646204344486977,0.7160831448291962,0.6436005611538624
ADMECaco2,GLR_DESC,rdkit_desc,gamma,50,0.3,0.6867661846875348,0.6903834397000088,0.7256827392243153,0.6442323751382807
ADMECaco2,GLR_DESC,rdkit_desc,gaussian,50,0.5,0.6766303577300019,0.67509951843605,0.7084162867529106,0.6463752680010453
ADMECaco2,GLR_DESC,rdkit_desc,gamma,50,0.5,0.6825414945850149,0.6864564815264523,0.7164809702592214,0.6446870319693712
ADMECaco2,GLR_DESC,rdkit_desc,gaussian,50,0.7,0.680542249728633,0.6855632776078153,0.7058305940367374,0.650232877541346
ADMECaco2,GLR_DESC,rdkit_desc,gamma,50,0.7,0.6828470368235036,0.6889088972481243,0.7121216797391866,0.6475105334831999
ADMECaco2,GLR_DESC,cdk_desc,gaussian,100,0.1,0.7023779945646362,0.6228506229150963,0.8045378068175848,0.6797455539612277
ADMECaco2,GLR_DESC,cdk_desc,gamma,100,0.1,0.7471839155838478,0.6220192849959048,0.9134570428234292,0.7060754189322094
ADMECaco2,GLR_DESC,cdk_desc,gaussian,100,0.3,0.6852554587015837,0.6396209244133114,0.757432817705619,0.6587126339858208
ADMECaco2,GLR_DESC,cdk_desc,gamma,100,0.3,0.7031752377394132,0.632340501098604,0.8125595526203421,0.6646256594992934
ADMECaco2,GLR_DESC,cdk_desc,gaussian,100,0.5,0.6827160641663856,0.6566604626032595,0.7369053137892408,0.6545824161066568
ADMECaco2,GLR_DESC,cdk_desc,gamma,100,0.5,0.6928964655318128,0.6496771880746075,0.7735849095228774,0.6554272989979535
ADMECaco2,GLR_DESC,cdk_desc,gaussian,100,0.7,0.6833168046547384,0.6707776787432328,0.7255022455443619,0.6536704896766206
ADMECaco2,GLR_DESC,cdk_desc,gamma,100,0.7,0.6890776217430981,0.6630481533257894,0.7521962755479348,0.6519884363555702
ADMECaco2,GLR_DESC,rdkit_desc,gaussian,100,0.1,0.6862250826690044,0.6598487657123301,0.7455751958993195,0.6532512863953635
ADMECaco2,GLR_DESC,rdkit_desc,gamma,100,0.1,0.7170149686396303,0.7283879109641288,0.7571645436409328,0.6654924513138296
ADMECaco2,GLR_DESC,rdkit_desc,gaussian,100,0.3,0.6747680468105854,0.6646204344486977,0.7160831448291962,0.6436005611538624
ADMECaco2,GLR_DESC,rdkit_desc,gamma,100,0.3,0.6867661846875348,0.6903834397000086,0.7256827392243153,0.6442323751382807
ADMECaco2,GLR_DESC,rdkit_desc,gaussian,100,0.5,0.6766303577300019,0.67509951843605,0.7084162867529106,0.6463752680010453
ADMECaco2,GLR_DESC,rdkit_desc,gamma,100,0.5,0.6825414945850149,0.6864564815264524,0.7164809702592213,0.6446870319693712
ADMECaco2,GLR_DESC,rdkit_desc,gaussian,100,0.7,0.6805422497286329,0.6855632776078153,0.7058305940367374,0.6502328775413458
ADMECaco2,GLR_DESC,rdkit_desc,gamma,100,0.7,0.6828470368235037,0.6889088972481243,0.7121216797391868,0.6475105334831999
MalariaGSK,GLR_DESC,cdk_desc,gaussian,10,0.1,0.3491273016799197,0.3495490594887567,0.3496277869301814,0.348205058620821
MalariaGSK,GLR_DESC,cdk_desc,gamma,10,0.1,0.34489187537365035,0.34560085115182165,0.3447732090736528,0.3443015658954767
MalariaGSK,GLR_DESC,cdk_desc,gaussian,10,0.3,0.3541501878690341,0.3536621085308302,0.35605389380246116,0.35273456127381114
MalariaGSK,GLR_DESC,cdk_desc,gamma,10,0.3,0.3486215246284208,0.34890084340209493,0.3491524138672445,0.34781131661592285
MalariaGSK,GLR_DESC,cdk_desc,gaussian,10,0.5,0.35743275937835894,0.35632338537158986,0.36028452886663875,0.3556903638968483
MalariaGSK,GLR_DESC,cdk_desc,gamma,10,0.5,0.3508537511906907,0.3508121883160336,0.3519270931673399,0.3498219720886985
MalariaGSK,GLR_DESC,cdk_desc,gaussian,10,0.7,0.36009958763041744,0.3584867869953151,0.36367513062174345,0.3581368452741938
MalariaGSK,GLR_DESC,cdk_desc,gamma,10,0.7,0.35257650007890085,0.352269280668111,0.35410533610560824,0.3513548834629833
MalariaGSK,GLR_DESC,rdkit_desc,gaussian,10,0.1,0.3606841767212964,0.359556168186383,0.3638344361509675,0.35866192582653883
MalariaGSK,GLR_DESC,rdkit_desc,gamma,10,0.1,0.35370202935025086,0.3534644372946846,0.35596095383893167,0.3516806969171363
MalariaGSK,GLR_DESC,rdkit_desc,gaussian,10,0.3,0.3675835364430097,0.36483546886373996,0.37200946059845347,0.3659056798668357
MalariaGSK,GLR_DESC,rdkit_desc,gamma,10,0.3,0.3597241392335418,0.3584575099012834,0.3627960418188097,0.35791886598053235
MalariaGSK,GLR_DESC,rdkit_desc,gaussian,10,0.5,0.3715423907369694,0.3679316000681597,0.3767318275550367,0.36996374458771186
MalariaGSK,GLR_DESC,rdkit_desc,gamma,10,0.5,0.36307725399207114,0.3611215858172924,0.36669816385449533,0.3614120123044258
MalariaGSK,GLR_DESC,rdkit_desc,gaussian,10,0.7,0.37439759011969703,0.37021897032910256,0.38011529379559444,0.37285850623439404
MalariaGSK,GLR_DESC,rdkit_desc,gamma,10,0.7,0.36555235750446774,0.36307713766855126,0.369613962150007,0.36396597269484504
MalariaGSK,GLR_DESC,cdk_desc,gaussian,50,0.1,0.3491273016799197,0.3495490594887567,0.3496277869301814,0.348205058620821
MalariaGSK,GLR_DESC,cdk_desc,gamma,50,0.1,0.3448918753736504,0.3456008511518219,0.3447732090736528,0.3443015658954767
MalariaGSK,GLR_DESC,cdk_desc,gaussian,50,0.3,0.3541501878690341,0.3536621085308302,0.35605389380246116,0.35273456127381114
MalariaGSK,GLR_DESC,cdk_desc,gamma,50,0.3,0.34862152462842083,0.34890084340209493,0.34915241386724466,0.34781131661592285
MalariaGSK,GLR_DESC,cdk_desc,gaussian,50,0.5,0.35743275937835894,0.35632338537158986,0.36028452886663875,0.3556903638968483
MalariaGSK,GLR_DESC,cdk_desc,gamma,50,0.5,0.3508537511906907,0.3508121883160336,0.3519270931673399,0.3498219720886985
MalariaGSK,GLR_DESC,cdk_desc,gaussian,50,0.7,0.36009958763041744,0.3584867869953151,0.36367513062174345,0.3581368452741938
MalariaGSK,GLR_DESC,cdk_desc,gamma,50,0.7,0.35257650007890085,0.352269280668111,0.35410533610560824,0.3513548834629833
MalariaGSK,GLR_DESC,rdkit_desc,gaussian,50,0.1,0.3606841767212964,0.359556168186383,0.3638344361509675,0.35866192582653883
MalariaGSK,GLR_DESC,rdkit_desc,gamma,50,0.1,0.35370202935025086,0.3534644372946846,0.3559609538389317,0.3516806969171363
MalariaGSK,GLR_DESC,rdkit_desc,gaussian,50,0.3,0.3675835364430097,0.36483546886374,0.37200946059845347,0.3659056798668357
MalariaGSK,GLR_DESC,rdkit_desc,gamma,50,0.3,0.3597241392335418,0.35845750990128333,0.3627960418188097,0.3579188659805323
MalariaGSK,GLR_DESC,rdkit_desc,gaussian,50,0.5,0.3715423907369694,0.3679316000681596,0.3767318275550367,0.36996374458771186
MalariaGSK,GLR_DESC,rdkit_desc,gamma,50,0.5,0.36307725399207114,0.3611215858172924,0.36669816385449533,0.3614120123044259
MalariaGSK,GLR_DESC,rdkit_desc,gaussian,50,0.7,0.37439759011969703,0.37021897032910256,0.38011529379559444,0.37285850623439404
MalariaGSK,GLR_DESC,rdkit_desc,gamma,50,0.7,0.36555235750446774,0.36307713766855126,0.369613962150007,0.36396597269484504
MalariaGSK,GLR_DESC,cdk_desc,gaussian,100,0.1,0.3491273016799197,0.3495490594887567,0.3496277869301814,0.348205058620821
MalariaGSK,GLR_DESC,cdk_desc,gamma,100,0.1,0.34489187537365035,0.34560085115182165,0.34477320907365283,0.3443015658954768
MalariaGSK,GLR_DESC,cdk_desc,gaussian,100,0.3,0.3541501878690341,0.3536621085308302,0.35605389380246116,0.35273456127381114
MalariaGSK,GLR_DESC,cdk_desc,gamma,100,0.3,0.34862152462842083,0.34890084340209493,0.34915241386724466,0.34781131661592285
MalariaGSK,GLR_DESC,cdk_desc,gaussian,100,0.5,0.35743275937835894,0.35632338537158986,0.36028452886663875,0.3556903638968483
MalariaGSK,GLR_DESC,cdk_desc,gamma,100,0.5,0.3508537511906907,0.3508121883160336,0.35192709316733994,0.3498219720886985
MalariaGSK,GLR_DESC,cdk_desc,gaussian,100,0.7,0.36009958763041744,0.3584867869953151,0.36367513062174345,0.3581368452741938
MalariaGSK,GLR_DESC,cdk_desc,gamma,100,0.7,0.35257650007890085,0.352269280668111,0.35410533610560835,0.3513548834629833
MalariaGSK,GLR_DESC,rdkit_desc,gaussian,100,0.1,0.3606841767212964,0.359556168186383,0.3638344361509675,0.35866192582653883
MalariaGSK,GLR_DESC,rdkit_desc,gamma,100,0.1,0.35370202935025086,0.3534644372946844,0.3559609538389317,0.3516806969171363
MalariaGSK,GLR_DESC,rdkit_desc,gaussian,100,0.3,0.3675835364430097,0.36483546886374,0.3720094605984535,0.3659056798668357
MalariaGSK,GLR_DESC,rdkit_desc,gamma,100,0.3,0.3597241392335418,0.3584575099012834,0.3627960418188097,0.35791886598053235
MalariaGSK,GLR_DESC,rdkit_desc,gaussian,100,0.5,0.3715423907369694,0.3679316000681596,0.3767318275550367,0.3699637445877119
MalariaGSK,GLR_DESC,rdkit_desc,gamma,100,0.5,0.36307725399207114,0.3611215858172924,0.36669816385449533,0.3614120123044259
MalariaGSK,GLR_DESC,rdkit_desc,gaussian,100,0.7,0.374397590119697,0.37021897032910245,0.38011529379559444,0.37285850623439404
MalariaGSK,GLR_DESC,rdkit_desc,gamma,100,0.7,0.3655523575044678,0.36307713766855126,0.369613962150007,0.36396597269484515
TB_SRI,GLR_DESC,cdk_desc,gaussian,10,0.1,0.6613566449456761,0.6410765367733791,0.6746552806328673,0.6683381174307822
TB_SRI,GLR_DESC,cdk_desc,gamma,10,0.1,0.6629723937001298,0.6411104056230645,0.6767416455908781,0.6710651298864471
TB_SRI,GLR_DESC,cdk_desc,gaussian,10,0.3,0.6598830368977503,0.6419708125644006,0.671541802049015,0.6661364960798355
TB_SRI,GLR_DESC,cdk_desc,gamma,10,0.3,0.6610936712531998,0.6417000682700713,0.6739494377240689,0.6676315077654593
TB_SRI,GLR_DESC,cdk_desc,gaussian,10,0.5,0.6593267130686988,0.6424475029732065,0.6697694811930901,0.6657631550397999
TB_SRI,GLR_DESC,cdk_desc,gamma,10,0.5,0.6602546965148899,0.6421022660327332,0.672050224923384,0.6666115985885526
TB_SRI,GLR_DESC,cdk_desc,gaussian,10,0.7,0.6590762592417942,0.6427906943257,0.6686732162041482,0.6657648671955348
TB_SRI,GLR_DESC,cdk_desc,gamma,10,0.7,0.6597706698174449,0.6423851296764144,0.670716254351897,0.6662106254240234
TB_SRI,GLR_DESC,rdkit_desc,gaussian,10,0.1,0.658025592528455,0.6404277144890905,0.6641402635350634,0.6695087995612113
TB_SRI,GLR_DESC,rdkit_desc,gamma,10,0.1,0.659386967201014,0.6417058516046625,0.6643381195735238,0.6721169304248554
TB_SRI,GLR_DESC,rdkit_desc,gaussian,10,0.3,0.6575907098727811,0.6415888217148735,0.663463385161645,0.6677199227418252
TB_SRI,GLR_DESC,rdkit_desc,gamma,10,0.3,0.6581821328963304,0.6413489291214527,0.6640672732746508,0.669130196292888
TB_SRI,GLR_DESC,rdkit_desc,gaussian,10,0.5,0.6576241062618604,0.6423836759048439,0.6631443858744869,0.6673442570062506
TB_SRI,GLR_DESC,rdkit_desc,gamma,10,0.5,0.657847468861698,0.6417795693685088,0.6636341575441258,0.6681286796724593
TB_SRI,GLR_DESC,rdkit_desc,gaussian,10,0.7,0.6577995017967493,0.6429693145218343,0.6631007499949221,0.6673284408734916
TB_SRI,GLR_DESC,rdkit_desc,gamma,10,0.7,0.6577747072281519,0.6422072669125383,0.6634083852617714,0.6677084695101462
TB_SRI,GLR_DESC,cdk_desc,gaussian,50,0.1,0.6613566449456761,0.6410765367733791,0.6746552806328673,0.6683381174307822
TB_SRI,GLR_DESC,cdk_desc,gamma,50,0.1,0.6629723937001298,0.6411104056230645,0.6767416455908782,0.6710651298864471
TB_SRI,GLR_DESC,cdk_desc,gaussian,50,0.3,0.6598830368977503,0.6419708125644006,0.671541802049015,0.6661364960798355
TB_SRI,GLR_DESC,cdk_desc,gamma,50,0.3,0.6610936712531998,0.6417000682700713,0.6739494377240689,0.6676315077654593
TB_SRI,GLR_DESC,cdk_desc,gaussian,50,0.5,0.6593267130686988,0.6424475029732064,0.6697694811930901,0.6657631550397999
TB_SRI,GLR_DESC,cdk_desc,gamma,50,0.5,0.6602546965148899,0.6421022660327332,0.672050224923384,0.6666115985885526
TB_SRI,GLR_DESC,cdk_desc,gaussian,50,0.7,0.6590762592417942,0.6427906943257,0.6686732162041482,0.6657648671955348
TB_SRI,GLR_DESC,cdk_desc,gamma,50,0.7,0.6597706698174449,0.6423851296764144,0.670716254351897,0.6662106254240234
TB_SRI,GLR_DESC,rdkit_desc,gaussian,50,0.1,0.658025592528455,0.6404277144890905,0.6641402635350634,0.6695087995612113
TB_SRI,GLR_DESC,rdkit_desc,gamma,50,0.1,0.6593869672010138,0.6417058516046623,0.6643381195735238,0.6721169304248554
TB_SRI,GLR_DESC,rdkit_desc,gaussian,50,0.3,0.6575907098727811,0.6415888217148735,0.663463385161645,0.6677199227418252
TB_SRI,GLR_DESC,rdkit_desc,gamma,50,0.3,0.6581821328963304,0.6413489291214527,0.6640672732746508,0.6691301962928878
TB_SRI,GLR_DESC,rdkit_desc,gaussian,50,0.5,0.6576241062618604,0.6423836759048439,0.6631443858744869,0.6673442570062506
TB_SRI,GLR_DESC,rdkit_desc,gamma,50,0.5,0.657847468861698,0.6417795693685088,0.6636341575441259,0.6681286796724594
TB_SRI,GLR_DESC,rdkit_desc,gaussian,50,0.7,0.6577995017967493,0.6429693145218344,0.6631007499949221,0.6673284408734916
TB_SRI,GLR_DESC,rdkit_desc,gamma,50,0.7,0.657774707228152,0.6422072669125383,0.6634083852617713,0.6677084695101464
TB_SRI,GLR_DESC,cdk_desc,gaussian,100,0.1,0.6613566449456761,0.6410765367733791,0.6746552806328673,0.6683381174307822
TB_SRI,GLR_DESC,cdk_desc,gamma,100,0.1,0.6629723937001298,0.6411104056230645,0.6767416455908781,0.6710651298864471
TB_SRI,GLR_DESC,cdk_desc,gaussian,100,0.3,0.6598830368977503,0.6419708125644006,0.671541802049015,0.6661364960798355
TB_SRI,GLR_DESC,cdk_desc,gamma,100,0.3,0.6610936712531998,0.6417000682700713,0.6739494377240689,0.6676315077654593
TB_SRI,GLR_DESC,cdk_desc,gaussian,100,0.5,0.6593267130686988,0.6424475029732065,0.6697694811930901,0.6657631550397999
TB_SRI,GLR_DESC,cdk_desc,gamma,100,0.5,0.6602546965148899,0.6421022660327331,0.672050224923384,0.6666115985885526
TB_SRI,GLR_DESC,cdk_desc,gaussian,100,0.7,0.6590762592417942,0.6427906943257,0.6686732162041482,0.6657648671955348
TB_SRI,GLR_DESC,cdk_desc,gamma,100,0.7,0.6597706698174449,0.6423851296764144,0.670716254351897,0.6662106254240234
TB_SRI,GLR_DESC,rdkit_desc,gaussian,100,0.1,0.658025592528455,0.6404277144890905,0.6641402635350634,0.6695087995612113
TB_SRI,GLR_DESC,rdkit_desc,gamma,100,0.1,0.6593869672010138,0.6417058516046625,0.6643381195735237,0.6721169304248554
TB_SRI,GLR_DESC,rdkit_desc,gaussian,100,0.3,0.6575907098727811,0.6415888217148735,0.663463385161645,0.6677199227418252
TB_SRI,GLR_DESC,rdkit_desc,gamma,100,0.3,0.6581821328963304,0.6413489291214527,0.6640672732746508,0.669130196292888
TB_SRI,GLR_DESC,rdkit_desc,gaussian,100,0.5,0.6576241062618604,0.6423836759048439,0.6631443858744869,0.6673442570062506
TB_SRI,GLR_DESC,rdkit_desc,gamma,100,0.5,0.6578474688616978,0.6417795693685084,0.6636341575441258,0.6681286796724593
TB_SRI,GLR_DESC,rdkit_desc,gaussian,100,0.7,0.6577995017967493,0.6429693145218343,0.6631007499949221,0.6673284408734916
TB_SRI,GLR_DESC,rdkit_desc,gamma,100,0.7,0.6577747072281519,0.6422072669125383,0.6634083852617714,0.6677084695101462
