name,method,feature,depth,bins,rmse,f1,f2,f3
MalariaNovartis,DTR,cdk_fp,5,32,0.5789163557114717,0.5918586833776959,0.5735747602989114,0.5713156234578081
MalariaNovartis,DTR,cdk_fp,5,64,0.5789163557114717,0.5918586833776959,0.5735747602989114,0.5713156234578081
MalariaNovartis,DTR,cdk_fp,5,128,0.5789163557114717,0.5918586833776959,0.5735747602989114,0.5713156234578081
MalariaNovartis,DTR,cdk_fp,10,32,0.5777124905038169,0.5789728763843712,0.5753107345062433,0.5788538606208364
MalariaNovartis,DTR,cdk_fp,10,64,0.5777124905038169,0.5789728763843712,0.5753107345062433,0.5788538606208364
MalariaNovartis,DTR,cdk_fp,10,128,0.5777124905038169,0.5789728763843712,0.5753107345062433,0.5788538606208364
MalariaNovartis,DTR,cdk_fp,15,32,0.5876968131266281,0.5801435107515007,0.5878194967498097,0.595127431878574
MalariaNovartis,DTR,cdk_fp,15,64,0.5876968131266281,0.5801435107515007,0.5878194967498097,0.595127431878574
MalariaNovartis,DTR,cdk_fp,15,128,0.5876968131266281,0.5801435107515007,0.5878194967498097,0.595127431878574
MalariaNovartis,DTR,cdk_fp,20,32,0.5943216954462927,0.5852752985241624,0.5946650399379441,0.6030247478767717
MalariaNovartis,DTR,cdk_fp,20,64,0.5943216954462927,0.5852752985241624,0.5946650399379441,0.6030247478767717
MalariaNovartis,DTR,cdk_fp,20,128,0.5943216954462927,0.5852752985241624,0.5946650399379441,0.6030247478767717
MalariaNovartis,DTR,cdk_fp,30,32,0.610135822112056,0.6158735995263209,0.6064415544093,0.608092312400547
MalariaNovartis,DTR,cdk_fp,30,64,0.610135822112056,0.6158735995263209,0.6064415544093,0.608092312400547
MalariaNovartis,DTR,cdk_fp,30,128,0.610135822112056,0.6158735995263209,0.6064415544093,0.608092312400547
MalariaNovartis,DTR,rdkit_fp,5,32,0.5823456019354629,0.6031135378394795,0.5724158641260764,0.5715074038408329
MalariaNovartis,DTR,rdkit_fp,5,64,0.5823456019354629,0.6031135378394795,0.5724158641260764,0.5715074038408329
MalariaNovartis,DTR,rdkit_fp,5,128,0.5823456019354629,0.6031135378394795,0.5724158641260764,0.5715074038408329
MalariaNovartis,DTR,rdkit_fp,10,32,0.5754293182514285,0.5849591618134669,0.5692100398358747,0.5721187531049441
MalariaNovartis,DTR,rdkit_fp,10,64,0.5754293182514285,0.5849591618134669,0.5692100398358747,0.5721187531049441
MalariaNovartis,DTR,rdkit_fp,10,128,0.5754293182514285,0.5849591618134669,0.5692100398358747,0.5721187531049441
MalariaNovartis,DTR,rdkit_fp,15,32,0.5913009269747406,0.5985717983481555,0.5831956709381958,0.5921353116378706
MalariaNovartis,DTR,rdkit_fp,15,64,0.59145889395703,0.5985717983481555,0.5836695718850641,0.5921353116378706
MalariaNovartis,DTR,rdkit_fp,15,128,0.59145889395703,0.5985717983481555,0.5836695718850641,0.5921353116378706
MalariaNovartis,DTR,rdkit_fp,20,32,0.5965305184295289,0.6024588873693286,0.5946479731998,0.5924846947194583
MalariaNovartis,DTR,rdkit_fp,20,64,0.5966580052687237,0.6025083294267702,0.5950435584783688,0.5924221279010322
MalariaNovartis,DTR,rdkit_fp,20,128,0.5966580052687237,0.6025083294267702,0.5950435584783688,0.5924221279010322
MalariaNovartis,DTR,rdkit_fp,30,32,0.6126409858996282,0.613344806364217,0.6204839189477704,0.6040942323868974
MalariaNovartis,DTR,rdkit_fp,30,64,0.6130266542211779,0.6133936440090463,0.6208591580884903,0.6048271605659972
MalariaNovartis,DTR,rdkit_fp,30,128,0.6130266542211779,0.6133936440090463,0.6208591580884903,0.6048271605659972
MalariaNovartis,DTR,cdk_desc,5,32,0.5924549984013663,0.6113364390515947,0.5854618397221236,0.5805667164303805
MalariaNovartis,DTR,cdk_desc,5,64,0.5920433232489384,0.6101904287635675,0.5876742295469525,0.5782653114362952
MalariaNovartis,DTR,cdk_desc,5,128,0.5897716807049408,0.6099833234569517,0.580107731923039,0.579223986734832
MalariaNovartis,DTR,cdk_desc,10,32,0.6294135778705254,0.6360749027244077,0.6209332364886279,0.6312325943985407
MalariaNovartis,DTR,cdk_desc,10,64,0.633933511698584,0.6396915937425004,0.6351176952743658,0.6269912460788858
MalariaNovartis,DTR,cdk_desc,10,128,0.6291917402129995,0.6386680771626337,0.6168857955153969,0.632021347960968
MalariaNovartis,DTR,cdk_desc,15,32,0.6975582507100897,0.6976456036600703,0.6960116933233915,0.6990174551468075
MalariaNovartis,DTR,cdk_desc,15,64,0.7046726404434104,0.7061779313155376,0.7071992478457776,0.700640742168916
MalariaNovartis,DTR,cdk_desc,15,128,0.687619174023909,0.6871160877524771,0.6801574467826768,0.6955839875365732
MalariaNovartis,DTR,cdk_desc,20,32,0.7354609465300698,0.7226774334585485,0.7483913771573327,0.735314028974328
MalariaNovartis,DTR,cdk_desc,20,64,0.7428827451407846,0.7451447103965285,0.7456763587273072,0.7378271662985182
MalariaNovartis,DTR,cdk_desc,20,128,0.7318543346010782,0.7227609037547972,0.7226641597231779,0.7501379403252596
MalariaNovartis,DTR,cdk_desc,30,32,0.7467561731432222,0.7275607949557602,0.7582336883665204,0.754474036107386
MalariaNovartis,DTR,cdk_desc,30,64,0.7550101974993266,0.7583001834834336,0.7564963968343172,0.7502340121802289
MalariaNovartis,DTR,cdk_desc,30,128,0.7531047173648691,0.744429986656015,0.7386886485282705,0.7761955169103218
MalariaNovartis,DTR,rdkit_desc,5,32,0.5905699412781378,0.6038143898078058,0.5727786451075086,0.5951167889190991
MalariaNovartis,DTR,rdkit_desc,5,64,0.5887595322019118,0.6020336053275872,0.5691812711190123,0.595063720159136
MalariaNovartis,DTR,rdkit_desc,5,128,0.589118957132688,0.6030526771408734,0.5699465558849195,0.5943576383722713
MalariaNovartis,DTR,rdkit_desc,10,32,0.646840222400363,0.658479983348889,0.6243653909656449,0.657675292886555
MalariaNovartis,DTR,rdkit_desc,10,64,0.6456920426469523,0.6523156105761628,0.6383141739011101,0.6464463434635842
MalariaNovartis,DTR,rdkit_desc,10,128,0.6540420763674084,0.6694045248533902,0.6471839394042075,0.6455377648446278
MalariaNovartis,DTR,rdkit_desc,15,32,0.7142361836319471,0.7256829197718958,0.7049869112090579,0.7120387199148875
MalariaNovartis,DTR,rdkit_desc,15,64,0.7215969819864082,0.7200581359476357,0.7152076107207375,0.7295251992908516
MalariaNovartis,DTR,rdkit_desc,15,128,0.730926243203899,0.740766855902171,0.7182183464703095,0.7337935272392164
MalariaNovartis,DTR,rdkit_desc,20,32,0.7378052658429282,0.7402734144325569,0.7310192717613349,0.742123111334893
MalariaNovartis,DTR,rdkit_desc,20,64,0.7516169718376515,0.7448698775082698,0.7433878993363772,0.7665931386683074
MalariaNovartis,DTR,rdkit_desc,20,128,0.7510107234525225,0.7606500658993207,0.739647511945676,0.7527345925125709
MalariaNovartis,DTR,rdkit_desc,30,32,0.7404271917056937,0.7412359333894578,0.7335956908138821,0.7464499509137414
MalariaNovartis,DTR,rdkit_desc,30,64,0.7534823749305982,0.7480614350830181,0.7428451474882738,0.7695405422205027
MalariaNovartis,DTR,rdkit_desc,30,128,0.7550719262685233,0.761782532997675,0.7442421112502835,0.759191134557611
Xanthine-Bostaurus,DTR,cdk_fp,5,32,0.7838030662438231,0.7854427280510367,0.6818420519064105,0.8841244187740223
Xanthine-Bostaurus,DTR,cdk_fp,5,64,0.7838030662438231,0.7854427280510367,0.6818420519064105,0.8841244187740223
Xanthine-Bostaurus,DTR,cdk_fp,5,128,0.7838030662438229,0.7854427280510367,0.6818420519064105,0.884124418774022
Xanthine-Bostaurus,DTR,cdk_fp,10,32,0.8043673314311627,0.8152422835113537,0.7287954379290114,0.869064272853123
Xanthine-Bostaurus,DTR,cdk_fp,10,64,0.8043673314311627,0.8152422835113537,0.7287954379290114,0.869064272853123
Xanthine-Bostaurus,DTR,cdk_fp,10,128,0.8043673314311627,0.8152422835113537,0.7287954379290114,0.869064272853123
Xanthine-Bostaurus,DTR,cdk_fp,15,32,0.802554231932256,0.8290448098044735,0.731259152778271,0.8473587332140234
Xanthine-Bostaurus,DTR,cdk_fp,15,64,0.802554231932256,0.8290448098044735,0.731259152778271,0.8473587332140233
Xanthine-Bostaurus,DTR,cdk_fp,15,128,0.802554231932256,0.8290448098044735,0.731259152778271,0.8473587332140233
Xanthine-Bostaurus,DTR,cdk_fp,20,32,0.8046652541000269,0.8296811417657074,0.7398657190885592,0.844448901445814
Xanthine-Bostaurus,DTR,cdk_fp,20,64,0.8046652541000269,0.8296811417657074,0.7398657190885592,0.844448901445814
Xanthine-Bostaurus,DTR,cdk_fp,20,128,0.8046652541000269,0.8296811417657074,0.7398657190885592,0.8444489014458141
Xanthine-Bostaurus,DTR,cdk_fp,30,32,0.8088656728525254,0.8365684810888655,0.7461086717427595,0.8439198657259513
Xanthine-Bostaurus,DTR,cdk_fp,30,64,0.8088656728525254,0.8365684810888655,0.7461086717427595,0.8439198657259513
Xanthine-Bostaurus,DTR,cdk_fp,30,128,0.8088656728525254,0.8365684810888655,0.7461086717427595,0.8439198657259513
Xanthine-Bostaurus,DTR,rdkit_fp,5,32,0.7986420429142429,0.7380573142452572,0.8049379198226587,0.8529308946748128
Xanthine-Bostaurus,DTR,rdkit_fp,5,64,0.7986420429142429,0.7380573142452572,0.8049379198226587,0.8529308946748128
Xanthine-Bostaurus,DTR,rdkit_fp,5,128,0.7986420429142429,0.7380573142452572,0.8049379198226587,0.8529308946748128
Xanthine-Bostaurus,DTR,rdkit_fp,10,32,0.7859539258125104,0.7149215853087524,0.8162850244285063,0.8266551677002729
Xanthine-Bostaurus,DTR,rdkit_fp,10,64,0.7859539258125104,0.7149215853087524,0.8162850244285063,0.8266551677002729
Xanthine-Bostaurus,DTR,rdkit_fp,10,128,0.7859539258125104,0.7149215853087524,0.8162850244285063,0.8266551677002729
Xanthine-Bostaurus,DTR,rdkit_fp,15,32,0.7965958077817114,0.7288249316977004,0.8236245095825865,0.8373379820648476
Xanthine-Bostaurus,DTR,rdkit_fp,15,64,0.7965958077817114,0.7288249316977004,0.8236245095825865,0.8373379820648476
Xanthine-Bostaurus,DTR,rdkit_fp,15,128,0.7965958077817114,0.7288249316977004,0.8236245095825865,0.8373379820648476
Xanthine-Bostaurus,DTR,rdkit_fp,20,32,0.8095043281254679,0.7342270825774989,0.8244872368772099,0.869798664921695
Xanthine-Bostaurus,DTR,rdkit_fp,20,64,0.8095043281254679,0.7342270825774989,0.8244872368772099,0.869798664921695
Xanthine-Bostaurus,DTR,rdkit_fp,20,128,0.8095043281254679,0.734227082577499,0.8244872368772099,0.869798664921695
Xanthine-Bostaurus,DTR,rdkit_fp,30,32,0.8139681864594459,0.7373126576049667,0.8269958680353279,0.8775960337380435
Xanthine-Bostaurus,DTR,rdkit_fp,30,64,0.8139681864594461,0.7373126576049667,0.8269958680353279,0.8775960337380437
Xanthine-Bostaurus,DTR,rdkit_fp,30,128,0.8139681864594461,0.7373126576049667,0.8269958680353279,0.8775960337380437
Xanthine-Bostaurus,DTR,cdk_desc,5,32,0.8407120465616931,0.8071844992931604,0.8477071988714988,0.8672444415204201
Xanthine-Bostaurus,DTR,cdk_desc,5,64,0.8092020389172517,0.7541242795657286,0.8336764426428468,0.8398053945431802
Xanthine-Bostaurus,DTR,cdk_desc,5,128,0.8302494189734483,0.7635793408742436,0.8338420028107214,0.8933269132353798
Xanthine-Bostaurus,DTR,cdk_desc,10,32,0.9191876373751657,0.8648510672128923,0.997834075120563,0.8948777697920424
Xanthine-Bostaurus,DTR,cdk_desc,10,64,0.8767995350659109,0.7866456327153456,0.9932879182078396,0.8504650542745479
Xanthine-Bostaurus,DTR,cdk_desc,10,128,0.836450024869485,0.7788453945928033,0.8831749175570556,0.8473297624585965
Xanthine-Bostaurus,DTR,cdk_desc,15,32,0.9239196393018179,0.8527465676089353,1.0074405851727544,0.9115717651237639
Xanthine-Bostaurus,DTR,cdk_desc,15,64,0.87981306794474,0.7885917045398565,1.0047656617868637,0.8460818375074997
Xanthine-Bostaurus,DTR,cdk_desc,15,128,0.8271385599285219,0.7672665873289151,0.8878836881040568,0.8262654043525939
Xanthine-Bostaurus,DTR,cdk_desc,20,32,0.9253371536536706,0.8549555446657635,1.0079150930935834,0.9131408232016652
Xanthine-Bostaurus,DTR,cdk_desc,20,64,0.8808226711887881,0.789866654146707,1.0041824157330574,0.8484189436866
Xanthine-Bostaurus,DTR,cdk_desc,20,128,0.8295736431646229,0.7671854190619701,0.8882273363802278,0.833308174051671
Xanthine-Bostaurus,DTR,cdk_desc,30,32,0.9253110574784751,0.8548524886366663,1.0080608600964318,0.9130198237023273
Xanthine-Bostaurus,DTR,cdk_desc,30,64,0.8813381927507979,0.7901074589636583,1.0043813086879236,0.849525810600812
Xanthine-Bostaurus,DTR,cdk_desc,30,128,0.8296849059072718,0.7668654591477875,0.888234941406793,0.8339543171672351
Xanthine-Bostaurus,DTR,rdkit_desc,5,32,0.9038070819721066,0.8961058391415523,0.8591273615253017,0.9561880452494659
Xanthine-Bostaurus,DTR,rdkit_desc,5,64,0.9042271954647885,0.9045122850930047,0.8420609770688837,0.966108324232477
Xanthine-Bostaurus,DTR,rdkit_desc,5,128,0.9107667310226645,0.9045122850930045,0.8621875333788402,0.9656003745961489
Xanthine-Bostaurus,DTR,rdkit_desc,10,32,0.9485902205832843,0.928449157129226,0.8846117512485444,1.0327097533720824
Xanthine-Bostaurus,DTR,rdkit_desc,10,64,0.979441865712797,0.9673439565997406,0.8842226713881917,1.0867589691504587
Xanthine-Bostaurus,DTR,rdkit_desc,10,128,0.9519909860125442,0.9357756382881557,0.8265934652621508,1.0936038544873259
Xanthine-Bostaurus,DTR,rdkit_desc,15,32,0.9455221262665982,0.934213598219846,0.8783505922102587,1.02400218836969
Xanthine-Bostaurus,DTR,rdkit_desc,15,64,0.9784196136916196,0.9632134226874299,0.8778680394221373,1.0941773789652918
Xanthine-Bostaurus,DTR,rdkit_desc,15,128,0.9559805876763422,0.9228591292850215,0.8489794123861849,1.0961032213578206
Xanthine-Bostaurus,DTR,rdkit_desc,20,32,0.9455238072393213,0.9297725929196394,0.8830184506826584,1.0237803781156662
Xanthine-Bostaurus,DTR,rdkit_desc,20,64,0.9808198692055724,0.9584313621239909,0.8859880615596517,1.0980401839330745
Xanthine-Bostaurus,DTR,rdkit_desc,20,128,0.9609630665384625,0.9300197653378068,0.853808839828674,1.0990605944489074
Xanthine-Bostaurus,DTR,rdkit_desc,30,32,0.9464134261204693,0.9304563688496795,0.8839449664863819,1.0248389430253468
Xanthine-Bostaurus,DTR,rdkit_desc,30,64,0.9814785944924822,0.959703571915351,0.8866019003575932,1.0981303112045024
Xanthine-Bostaurus,DTR,rdkit_desc,30,128,0.9612317295868706,0.9304331219269764,0.8538176056876856,1.0994444611459502
MalariaGSK,DTR,cdk_fp,5,32,0.3340155327710675,0.3273033234990285,0.33667533747994655,0.33806793733422746
MalariaGSK,DTR,cdk_fp,5,64,0.3340155327710675,0.3273033234990285,0.3366753374799465,0.33806793733422746
MalariaGSK,DTR,cdk_fp,5,128,0.3340155327710675,0.3273033234990285,0.3366753374799465,0.33806793733422746
MalariaGSK,DTR,cdk_fp,10,32,0.31973829593590786,0.3131130946645931,0.3282517686638421,0.3178500244792884
MalariaGSK,DTR,cdk_fp,10,64,0.31973829593590786,0.3131130946645931,0.3282517686638421,0.3178500244792884
MalariaGSK,DTR,cdk_fp,10,128,0.31973829593590786,0.3131130946645931,0.3282517686638421,0.3178500244792884
MalariaGSK,DTR,cdk_fp,15,32,0.31589112247083684,0.3114804506626721,0.31917712121203135,0.31701579553780723
MalariaGSK,DTR,cdk_fp,15,64,0.31589112247083684,0.3114804506626721,0.31917712121203135,0.3170157955378073
MalariaGSK,DTR,cdk_fp,15,128,0.31589112247083684,0.3114804506626721,0.31917712121203135,0.31701579553780723
MalariaGSK,DTR,cdk_fp,20,32,0.31622259669499214,0.31130059292689893,0.31743724168129867,0.31992995547677894
MalariaGSK,DTR,cdk_fp,20,64,0.31622259669499214,0.31130059292689893,0.31743724168129867,0.31992995547677894
MalariaGSK,DTR,cdk_fp,20,128,0.31622259669499214,0.31130059292689893,0.31743724168129867,0.31992995547677894
MalariaGSK,DTR,cdk_fp,30,32,0.32042349867562225,0.31797524786064957,0.3202522246935527,0.3230430234726644
MalariaGSK,DTR,cdk_fp,30,64,0.32042349867562225,0.31797524786064957,0.3202522246935527,0.32304302347266445
MalariaGSK,DTR,cdk_fp,30,128,0.32042349867562225,0.31797524786064957,0.3202522246935527,0.32304302347266445
MalariaGSK,DTR,rdkit_fp,5,32,0.3289303823304399,0.32045828011103916,0.331915058925207,0.3344178079550737
MalariaGSK,DTR,rdkit_fp,5,64,0.3289303823304399,0.32045828011103916,0.331915058925207,0.3344178079550737
MalariaGSK,DTR,rdkit_fp,5,128,0.3289303823304399,0.32045828011103916,0.331915058925207,0.3344178079550737
MalariaGSK,DTR,rdkit_fp,10,32,0.31463626722589094,0.3038283184590702,0.32022237137552056,0.31985811184308205
MalariaGSK,DTR,rdkit_fp,10,64,0.31463626722589094,0.3038283184590702,0.32022237137552056,0.31985811184308205
MalariaGSK,DTR,rdkit_fp,10,128,0.31463626722589094,0.3038283184590702,0.3202223713755205,0.31985811184308205
MalariaGSK,DTR,rdkit_fp,15,32,0.31126411253437664,0.30483528755731876,0.3132936932937174,0.3156633567520938
MalariaGSK,DTR,rdkit_fp,15,64,0.31126411253437664,0.3048352875573188,0.3132936932937174,0.3156633567520938
MalariaGSK,DTR,rdkit_fp,15,128,0.31126411253437664,0.3048352875573188,0.3132936932937174,0.3156633567520938
MalariaGSK,DTR,rdkit_fp,20,32,0.3167038156606398,0.31250540066143645,0.31860909730504994,0.3189969490154331
MalariaGSK,DTR,rdkit_fp,20,64,0.3167038156606398,0.31250540066143645,0.31860909730504994,0.3189969490154331
MalariaGSK,DTR,rdkit_fp,20,128,0.3167038156606398,0.31250540066143645,0.31860909730504994,0.3189969490154331
MalariaGSK,DTR,rdkit_fp,30,32,0.3235676035202247,0.31510869517786627,0.33003716982716885,0.3255569455556389
MalariaGSK,DTR,rdkit_fp,30,64,0.3235676035202247,0.31510869517786627,0.33003716982716885,0.3255569455556389
MalariaGSK,DTR,rdkit_fp,30,128,0.3235676035202247,0.31510869517786627,0.33003716982716885,0.3255569455556389
MalariaGSK,DTR,cdk_desc,5,32,0.3295284766735045,0.32618901377466775,0.32648748281919343,0.3359089334266523
MalariaGSK,DTR,cdk_desc,5,64,0.32935774748908087,0.327061642852028,0.32605356916982703,0.3349580304453877
MalariaGSK,DTR,cdk_desc,5,128,0.3288266301138746,0.3221259105109987,0.32714968364223906,0.337204296188386
MalariaGSK,DTR,cdk_desc,10,32,0.345540543241822,0.35080968869084045,0.3408955860152312,0.3449163550193943
MalariaGSK,DTR,cdk_desc,10,64,0.345557757305844,0.3521584467119409,0.3416098175514097,0.3429050076541813
MalariaGSK,DTR,cdk_desc,10,128,0.3423593275050424,0.3427702001207056,0.34049220532562463,0.34381557706879695
MalariaGSK,DTR,cdk_desc,15,32,0.37255558418373147,0.37372073917631515,0.36479763326241116,0.3791483801124683
MalariaGSK,DTR,cdk_desc,15,64,0.3754925361258466,0.37995051247470135,0.3713868682769157,0.37514022762592286
MalariaGSK,DTR,cdk_desc,15,128,0.375436191538112,0.37346520146826107,0.36975617545492956,0.3830871976911453
MalariaGSK,DTR,cdk_desc,20,32,0.39099133998492563,0.38924032429250294,0.3863761476326045,0.3973575480296695
MalariaGSK,DTR,cdk_desc,20,64,0.39340494763639056,0.3969141614374337,0.38698896668165944,0.39631171479007854
MalariaGSK,DTR,cdk_desc,20,128,0.39501177221181916,0.39300049322755354,0.39393559979656445,0.3980992236113395
MalariaGSK,DTR,cdk_desc,30,32,0.40590027159790865,0.4071528728190421,0.40206679445763566,0.4084811475170483
MalariaGSK,DTR,cdk_desc,30,64,0.40936808236250866,0.41622866571334577,0.40341742533850605,0.4084581560356743
MalariaGSK,DTR,cdk_desc,30,128,0.4100076097539167,0.41174728344692907,0.4089456163696185,0.40932992944520247
MalariaGSK,DTR,rdkit_desc,5,32,0.3364059585854915,0.3317384734948609,0.33095943558594487,0.34651996667566853
MalariaGSK,DTR,rdkit_desc,5,64,0.33576701995610964,0.3287371110752526,0.33392413080726935,0.34463981798580706
MalariaGSK,DTR,rdkit_desc,5,128,0.33686162937140446,0.33238364293498873,0.3314070231513149,0.3467942220279099
MalariaGSK,DTR,rdkit_desc,10,32,0.3525583343030313,0.3465241441554751,0.35197959909719106,0.3591712596564277
MalariaGSK,DTR,rdkit_desc,10,64,0.3531814121309431,0.34985007950595215,0.3507216135267041,0.35897254336017315
MalariaGSK,DTR,rdkit_desc,10,128,0.3601846188199792,0.3618359218065904,0.3547672193755902,0.36395071527775724
MalariaGSK,DTR,rdkit_desc,15,32,0.3865596108817424,0.37985944308049485,0.3828682895056916,0.39695110005904083
MalariaGSK,DTR,rdkit_desc,15,64,0.3892689223357594,0.38000351181743364,0.3889105170707219,0.39889273811912274
MalariaGSK,DTR,rdkit_desc,15,128,0.3939117046487115,0.38885744154730234,0.39082304584750344,0.40205462655132884
MalariaGSK,DTR,rdkit_desc,20,32,0.4067471093960043,0.40115122664434616,0.40508964464927477,0.41400045689439213
MalariaGSK,DTR,rdkit_desc,20,64,0.4086570939635701,0.40252297375105084,0.40718979286823176,0.4162585152714276
MalariaGSK,DTR,rdkit_desc,20,128,0.4118411178231902,0.40673338666678566,0.4127964650275232,0.41599350177526195
MalariaGSK,DTR,rdkit_desc,30,32,0.4130347320734017,0.4065203581632553,0.41456909342723014,0.41801474462971977
MalariaGSK,DTR,rdkit_desc,30,64,0.41562051647874765,0.4110197139236884,0.41256366429729835,0.4232781712152562
MalariaGSK,DTR,rdkit_desc,30,128,0.41894077082517384,0.41435243916935144,0.4198994556598966,0.4225704176462734
TB_MDR,DTR,cdk_fp,5,32,0.6880275790203336,0.6889713973089098,0.6795958849925319,0.6955154547595594
TB_MDR,DTR,cdk_fp,5,64,0.6880275790203338,0.6889713973089098,0.6795958849925319,0.6955154547595597
TB_MDR,DTR,cdk_fp,5,128,0.6880275790203336,0.6889713973089098,0.6795958849925319,0.6955154547595594
TB_MDR,DTR,cdk_fp,10,32,0.6794321136884474,0.6846297880687594,0.656121306212494,0.6975452467840888
TB_MDR,DTR,cdk_fp,10,64,0.6794321136884474,0.6846297880687594,0.656121306212494,0.6975452467840888
TB_MDR,DTR,cdk_fp,10,128,0.6794321136884474,0.6846297880687594,0.656121306212494,0.6975452467840888
TB_MDR,DTR,cdk_fp,15,32,0.6930669898536636,0.7091043122652476,0.6529827200449396,0.7171139372508034
TB_MDR,DTR,cdk_fp,15,64,0.6930669898536636,0.7091043122652476,0.6529827200449396,0.7171139372508034
TB_MDR,DTR,cdk_fp,15,128,0.6930669898536636,0.7091043122652476,0.6529827200449396,0.7171139372508034
TB_MDR,DTR,cdk_fp,20,32,0.710978874438559,0.7306313295052851,0.6623952030654044,0.7399100907449875
TB_MDR,DTR,cdk_fp,20,64,0.710978874438559,0.7306313295052851,0.6623952030654044,0.7399100907449875
TB_MDR,DTR,cdk_fp,20,128,0.710978874438559,0.7306313295052851,0.6623952030654044,0.7399100907449875
TB_MDR,DTR,cdk_fp,30,32,0.7351219152955191,0.7574337888053547,0.6922721494432974,0.7556598076379053
TB_MDR,DTR,cdk_fp,30,64,0.7351219152955191,0.7574337888053547,0.6922721494432974,0.7556598076379053
TB_MDR,DTR,cdk_fp,30,128,0.7351219152955191,0.7574337888053547,0.6922721494432974,0.7556598076379054
TB_MDR,DTR,rdkit_fp,5,32,0.6813789136885632,0.6721744414689387,0.6822772371889716,0.6896850624077793
TB_MDR,DTR,rdkit_fp,5,64,0.6813789136885632,0.6721744414689387,0.6822772371889716,0.6896850624077793
TB_MDR,DTR,rdkit_fp,5,128,0.6813789136885632,0.6721744414689387,0.6822772371889716,0.6896850624077793
TB_MDR,DTR,rdkit_fp,10,32,0.6812511084034362,0.6753526070872248,0.679302650545311,0.6890980675777728
TB_MDR,DTR,rdkit_fp,10,64,0.6812511084034362,0.6753526070872248,0.679302650545311,0.6890980675777728
TB_MDR,DTR,rdkit_fp,10,128,0.6812511084034362,0.6753526070872248,0.679302650545311,0.6890980675777728
TB_MDR,DTR,rdkit_fp,15,32,0.6906940618485811,0.6758728492509084,0.6725057870993314,0.7237035491955032
TB_MDR,DTR,rdkit_fp,15,64,0.6906940618485811,0.6758728492509084,0.6725057870993314,0.7237035491955034
TB_MDR,DTR,rdkit_fp,15,128,0.6906940618485811,0.6758728492509084,0.6725057870993315,0.7237035491955034
TB_MDR,DTR,rdkit_fp,20,32,0.7011741291827605,0.6763065638857101,0.6771103070024435,0.7501055166601277
TB_MDR,DTR,rdkit_fp,20,64,0.7011741291827602,0.6763065638857101,0.6771103070024435,0.7501055166601275
TB_MDR,DTR,rdkit_fp,20,128,0.7011741291827605,0.6763065638857101,0.6771103070024435,0.7501055166601277
TB_MDR,DTR,rdkit_fp,30,32,0.7223904259444588,0.6859597188981302,0.6961370489787305,0.7850745099565157
TB_MDR,DTR,rdkit_fp,30,64,0.7223904259444588,0.6859597188981302,0.6961370489787305,0.7850745099565157
TB_MDR,DTR,rdkit_fp,30,128,0.7223904259444588,0.6859597188981302,0.6961370489787305,0.7850745099565157
TB_MDR,DTR,cdk_desc,5,32,0.708781417069013,0.7108492707138673,0.7031457546661054,0.7123492258270666
TB_MDR,DTR,cdk_desc,5,64,0.7060927195081905,0.7262406973943087,0.7000707679863999,0.691966693143863
TB_MDR,DTR,cdk_desc,5,128,0.7049536356982788,0.6937212506840632,0.7193754719569422,0.7017641844538314
TB_MDR,DTR,cdk_desc,10,32,0.782980835035402,0.7706180101994199,0.7521394612571846,0.8261850336496013
TB_MDR,DTR,cdk_desc,10,64,0.7943606325704455,0.8106037136349771,0.7895257736785414,0.7829524103978183
TB_MDR,DTR,cdk_desc,10,128,0.7964295625720912,0.7966278640064299,0.7822184854073987,0.8104423383024455
TB_MDR,DTR,cdk_desc,15,32,0.8158619714849005,0.7954935704108813,0.7790141068491719,0.8730782371946483
TB_MDR,DTR,cdk_desc,15,64,0.8506093808813949,0.8580750580541641,0.8359260881844996,0.8578269964055211
TB_MDR,DTR,cdk_desc,15,128,0.848072107772687,0.8543642436011615,0.8144029371892465,0.8754491425276535
TB_MDR,DTR,cdk_desc,20,32,0.8208618919383827,0.80711278317722,0.7809326065128736,0.8745402861250544
TB_MDR,DTR,cdk_desc,20,64,0.8581659124343167,0.8704192878350093,0.8432888920652555,0.8607895574026855
TB_MDR,DTR,cdk_desc,20,128,0.8601833355887165,0.8706997145100587,0.822765390242491,0.8870849020135999
TB_MDR,DTR,cdk_desc,30,32,0.8209470296529591,0.806955945465899,0.7810566697876674,0.8748284737053109
TB_MDR,DTR,cdk_desc,30,64,0.8586466179510893,0.8705516598760074,0.8448507854145615,0.8605374085626993
TB_MDR,DTR,cdk_desc,30,128,0.8603183340441225,0.8720119504920376,0.8221755322153006,0.8867675194250294
TB_MDR,DTR,rdkit_desc,5,32,0.6910932995537353,0.6668840612266197,0.7034005308561311,0.7029953065784553
TB_MDR,DTR,rdkit_desc,5,64,0.7157495266809826,0.7179360277839828,0.7155735009678319,0.713739051291133
TB_MDR,DTR,rdkit_desc,5,128,0.7040742309220345,0.707935463289266,0.7125225701214833,0.6917646593553545
TB_MDR,DTR,rdkit_desc,10,32,0.8039685916344248,0.7636014114598545,0.8185132419643273,0.8297911214790927
TB_MDR,DTR,rdkit_desc,10,64,0.829971068356267,0.8423000082238993,0.8461374846236894,0.8014757122212124
TB_MDR,DTR,rdkit_desc,10,128,0.8035014305700927,0.779561279528328,0.831158243268975,0.7997847689129751
TB_MDR,DTR,rdkit_desc,15,32,0.8628945808126967,0.8290885324521413,0.8653223922769021,0.8942728177090469
TB_MDR,DTR,rdkit_desc,15,64,0.8649411113390353,0.8766847379705487,0.8879201606826683,0.830218435363889
TB_MDR,DTR,rdkit_desc,15,128,0.8499550561857703,0.8500411593835344,0.8604250006119416,0.8393990085618347
TB_MDR,DTR,rdkit_desc,20,32,0.8669888629199853,0.8344777410757066,0.8662623569353756,0.9002264907488742
TB_MDR,DTR,rdkit_desc,20,64,0.8683880326097576,0.8808324152646921,0.8900843625016466,0.8342473200629344
TB_MDR,DTR,rdkit_desc,20,128,0.8534059390631286,0.8600160327959949,0.8636918593717824,0.8365099250216083
TB_MDR,DTR,rdkit_desc,30,32,0.8667939119413637,0.8339232686782935,0.8662485356319549,0.9002099315138428
TB_MDR,DTR,rdkit_desc,30,64,0.867938740503676,0.8806401136222509,0.8902345968225441,0.8329415110662332
TB_MDR,DTR,rdkit_desc,30,128,0.8536117599984883,0.859757554535155,0.8645724332453643,0.8365052922149461
Chagas,DTR,cdk_fp,5,32,0.6289983387286713,0.6364758779695854,0.6149205176821065,0.6355986205343218
Chagas,DTR,cdk_fp,5,64,0.6289983387286712,0.6364758779695853,0.6149205176821065,0.6355986205343218
Chagas,DTR,cdk_fp,5,128,0.6289983387286713,0.6364758779695854,0.6149205176821065,0.6355986205343218
Chagas,DTR,cdk_fp,10,32,0.6010699894547384,0.6023809760554995,0.6080200037809139,0.5928089885278021
Chagas,DTR,cdk_fp,10,64,0.6010699894547384,0.6023809760554995,0.608020003780914,0.5928089885278021
Chagas,DTR,cdk_fp,10,128,0.6010699894547384,0.6023809760554995,0.608020003780914,0.5928089885278021
Chagas,DTR,cdk_fp,15,32,0.6089013916905918,0.6041571038803618,0.638550694019605,0.5839963771718086
Chagas,DTR,cdk_fp,15,64,0.6089013916905918,0.6041571038803618,0.638550694019605,0.5839963771718086
Chagas,DTR,cdk_fp,15,128,0.6089013916905918,0.6041571038803618,0.638550694019605,0.5839963771718086
Chagas,DTR,cdk_fp,20,32,0.6126183999992681,0.5921492504035957,0.6583682736611446,0.5873376759330642
Chagas,DTR,cdk_fp,20,64,0.6126183999992681,0.5921492504035957,0.6583682736611446,0.5873376759330642
Chagas,DTR,cdk_fp,20,128,0.6126183999992683,0.5921492504035957,0.6583682736611446,0.5873376759330643
Chagas,DTR,cdk_fp,30,32,0.6067638952161436,0.5881758099276797,0.6509267722828184,0.5811891034379332
Chagas,DTR,cdk_fp,30,64,0.6067638952161436,0.5881758099276797,0.6509267722828184,0.5811891034379332
Chagas,DTR,cdk_fp,30,128,0.6067638952161436,0.5881758099276797,0.6509267722828184,0.5811891034379332
Chagas,DTR,rdkit_fp,5,32,0.5982053170583598,0.5849265084186438,0.6116539287285863,0.5980355140278495
Chagas,DTR,rdkit_fp,5,64,0.5982053170583598,0.5849265084186438,0.6116539287285863,0.5980355140278496
Chagas,DTR,rdkit_fp,5,128,0.5982053170583598,0.5849265084186438,0.6116539287285863,0.5980355140278495
Chagas,DTR,rdkit_fp,10,32,0.5875818774598085,0.5632389170791297,0.6102802278730084,0.5892264874272873
Chagas,DTR,rdkit_fp,10,64,0.5875818774598085,0.5632389170791297,0.6102802278730084,0.5892264874272873
Chagas,DTR,rdkit_fp,10,128,0.5875818774598085,0.5632389170791297,0.6102802278730084,0.5892264874272873
Chagas,DTR,rdkit_fp,15,32,0.5847958478419449,0.5690261691017928,0.6008122646161298,0.5845491098079122
Chagas,DTR,rdkit_fp,15,64,0.5847958478419449,0.5690261691017928,0.6008122646161298,0.5845491098079122
Chagas,DTR,rdkit_fp,15,128,0.5847958478419449,0.5690261691017928,0.6008122646161298,0.5845491098079122
Chagas,DTR,rdkit_fp,20,32,0.5843901008377201,0.5741693413441136,0.5948747124731043,0.5841262486959427
Chagas,DTR,rdkit_fp,20,64,0.5843901008377201,0.5741693413441136,0.5948747124731044,0.5841262486959427
Chagas,DTR,rdkit_fp,20,128,0.5843901008377201,0.5741693413441136,0.5948747124731043,0.5841262486959427
Chagas,DTR,rdkit_fp,30,32,0.5872080079680063,0.5770275360229857,0.5937214405708751,0.5908750473101584
Chagas,DTR,rdkit_fp,30,64,0.5872080079680063,0.5770275360229857,0.5937214405708751,0.5908750473101584
Chagas,DTR,rdkit_fp,30,128,0.5872080079680063,0.5770275360229857,0.5937214405708751,0.5908750473101584
Chagas,DTR,cdk_desc,5,32,0.7053080793219468,0.7712402678982014,0.6531990056818107,0.6914849643858287
Chagas,DTR,cdk_desc,5,64,0.6810016609159224,0.6961015577008745,0.6660526417688502,0.6808507832780429
Chagas,DTR,cdk_desc,5,128,0.6592104663973833,0.6612121485464035,0.6415189941152618,0.6749002565304849
Chagas,DTR,cdk_desc,10,32,0.7102582693178242,0.7554847339679054,0.6790262040780539,0.6962638699075132
Chagas,DTR,cdk_desc,10,64,0.7206807771694572,0.7444257785663962,0.69349322575515,0.7241233271868256
Chagas,DTR,cdk_desc,10,128,0.7039691579872955,0.6675384077331392,0.6790310551418896,0.7653380110868578
Chagas,DTR,cdk_desc,15,32,0.7298593284982327,0.7633017233029666,0.697027611596899,0.7292486505948326
Chagas,DTR,cdk_desc,15,64,0.7503894187090241,0.774485855675824,0.7111042791278993,0.765578121323349
Chagas,DTR,cdk_desc,15,128,0.7238743098296864,0.6899305175701246,0.6999654973269324,0.781726914592002
Chagas,DTR,cdk_desc,20,32,0.7308264968942356,0.7643887914348846,0.6970877017327097,0.7310029975151127
Chagas,DTR,cdk_desc,20,64,0.7529384803829948,0.7738324904978149,0.7149461684761649,0.7700367821750048
Chagas,DTR,cdk_desc,20,128,0.7250604394606912,0.6891599739219183,0.6957094871527284,0.7903118573074273
Chagas,DTR,cdk_desc,30,32,0.7308460111802884,0.7643889632257599,0.6970897210321148,0.7310593492829907
Chagas,DTR,cdk_desc,30,64,0.7538751632563132,0.7738280170270185,0.7151323127712542,0.7726651599706671
Chagas,DTR,cdk_desc,30,128,0.7244715743390178,0.6891459536321694,0.695634820831148,0.7886339485537359
Chagas,DTR,rdkit_desc,5,32,0.6471142356843516,0.6690587221940645,0.6324441628962472,0.639839821962743
Chagas,DTR,rdkit_desc,5,64,0.6574776850623472,0.6857701726411324,0.6324895712843274,0.6541733112615818
Chagas,DTR,rdkit_desc,5,128,0.6464209172685089,0.6781535481175275,0.6304705764629203,0.6306386272250791
Chagas,DTR,rdkit_desc,10,32,0.6899174584888812,0.7369023252244065,0.6758085321218867,0.6570415181203506
Chagas,DTR,rdkit_desc,10,64,0.6935812603085092,0.7388459156989124,0.6582613321832984,0.6836365330433171
Chagas,DTR,rdkit_desc,10,128,0.6852993366344071,0.7346966355438104,0.6631522777815678,0.6580490965778429
Chagas,DTR,rdkit_desc,15,32,0.7233607543935061,0.759665922866505,0.7175856012284983,0.6928307390855152
Chagas,DTR,rdkit_desc,15,64,0.7232444233028803,0.753820770453568,0.696269414749481,0.7196430847055921
Chagas,DTR,rdkit_desc,15,128,0.7194088124287777,0.7365773345919547,0.7277041758759512,0.6939449268184276
Chagas,DTR,rdkit_desc,20,32,0.727025384286451,0.7633640150669944,0.718038080985823,0.6996740568065358
Chagas,DTR,rdkit_desc,20,64,0.7268003977003812,0.7550909148838267,0.7068949180575413,0.7184153601597756
Chagas,DTR,rdkit_desc,20,128,0.7257560653509236,0.7377294564336767,0.7423790558372887,0.6971596837818057
Chagas,DTR,rdkit_desc,30,32,0.7267718386750435,0.7638411622672695,0.7180301822912409,0.6984441714666201
Chagas,DTR,rdkit_desc,30,64,0.7265402610050234,0.7550909148838267,0.7083014533784524,0.7162284147527912
Chagas,DTR,rdkit_desc,30,128,0.7256597130035773,0.7377294564336767,0.7431559009164176,0.6960937816606381
LogP,DTR,cdk_fp,5,32,1.4229766605077485,1.4818626656135765,1.3724179941254666,1.4146493217842029
LogP,DTR,cdk_fp,5,64,1.4229766605077485,1.4818626656135765,1.3724179941254664,1.4146493217842029
LogP,DTR,cdk_fp,5,128,1.4229766605077485,1.4818626656135765,1.3724179941254664,1.4146493217842029
LogP,DTR,cdk_fp,10,32,1.2533344833296696,1.334613700904413,1.2045247269432375,1.2208650221413582
LogP,DTR,cdk_fp,10,64,1.2533344833296696,1.334613700904413,1.2045247269432375,1.2208650221413582
LogP,DTR,cdk_fp,10,128,1.2533344833296696,1.334613700904413,1.2045247269432375,1.2208650221413582
LogP,DTR,cdk_fp,15,32,1.2117698973848163,1.31860085958299,1.130515770803919,1.1861930617675402
LogP,DTR,cdk_fp,15,64,1.2117698973848163,1.31860085958299,1.130515770803919,1.1861930617675402
LogP,DTR,cdk_fp,15,128,1.2117698973848163,1.31860085958299,1.130515770803919,1.1861930617675402
LogP,DTR,cdk_fp,20,32,1.201439107953716,1.2779270146504516,1.1400757586888601,1.1863145505218364
LogP,DTR,cdk_fp,20,64,1.201439107953716,1.2779270146504516,1.1400757586888601,1.1863145505218364
LogP,DTR,cdk_fp,20,128,1.201439107953716,1.2779270146504516,1.1400757586888601,1.1863145505218364
LogP,DTR,cdk_fp,30,32,1.1987717411382954,1.2562460838279625,1.154493392950683,1.185575746636241
LogP,DTR,cdk_fp,30,64,1.1987717411382957,1.2562460838279628,1.154493392950683,1.185575746636241
LogP,DTR,cdk_fp,30,128,1.1987717411382957,1.2562460838279628,1.154493392950683,1.185575746636241
LogP,DTR,rdkit_fp,5,32,1.278526994299927,1.348702323138284,1.256141883599652,1.230736776161845
LogP,DTR,rdkit_fp,5,64,1.278526994299927,1.348702323138284,1.256141883599652,1.230736776161845
LogP,DTR,rdkit_fp,5,128,1.278526994299927,1.348702323138284,1.256141883599652,1.230736776161845
LogP,DTR,rdkit_fp,10,32,1.0578846963365431,1.1020459254989419,1.0380386285123684,1.033569534998319
LogP,DTR,rdkit_fp,10,64,1.0578846963365431,1.1020459254989419,1.0380386285123684,1.033569534998319
LogP,DTR,rdkit_fp,10,128,1.0578846963365431,1.1020459254989419,1.0380386285123684,1.0335695349983192
LogP,DTR,rdkit_fp,15,32,1.0168805888581933,1.0840336678004832,0.9836247806825384,0.9829833180915587
LogP,DTR,rdkit_fp,15,64,1.0168805888581933,1.0840336678004832,0.9836247806825384,0.9829833180915587
LogP,DTR,rdkit_fp,15,128,1.0168805888581933,1.0840336678004832,0.9836247806825384,0.9829833180915587
LogP,DTR,rdkit_fp,20,32,1.0116607120008365,1.0876189352901646,0.9908600217525846,0.9565031789597607
LogP,DTR,rdkit_fp,20,64,1.0116607120008365,1.0876189352901646,0.9908600217525846,0.9565031789597607
LogP,DTR,rdkit_fp,20,128,1.0116607120008365,1.0876189352901646,0.9908600217525846,0.9565031789597607
LogP,DTR,rdkit_fp,30,32,1.011701351842457,1.0813767373018102,1.0015091036060675,0.9522182146194935
LogP,DTR,rdkit_fp,30,64,1.011701351842457,1.0813767373018102,1.0015091036060675,0.9522182146194935
LogP,DTR,rdkit_fp,30,128,1.011701351842457,1.0813767373018102,1.0015091036060675,0.9522182146194935
LogP,DTR,cdk_desc,5,32,0.8083085832196641,0.8514682949882539,0.7700616389889504,0.8033958156817885
LogP,DTR,cdk_desc,5,64,0.7931181273987762,0.8364648006299564,0.7532526680628561,0.7896369135035163
LogP,DTR,cdk_desc,5,128,0.796513796926053,0.8415547012837754,0.7963280898670656,0.7516585996273178
LogP,DTR,cdk_desc,10,32,0.8133594560850652,0.9062401646414744,0.7584725411898744,0.7753656624238471
LogP,DTR,cdk_desc,10,64,0.8077940449452434,0.8075316055197926,0.8193740649852329,0.7964764643307047
LogP,DTR,cdk_desc,10,128,0.7875360645275281,0.8597073374549022,0.7609901350795851,0.741910721048097
LogP,DTR,cdk_desc,15,32,0.8240030996637766,0.9170216052596621,0.7631354140069647,0.7918522797247028
LogP,DTR,cdk_desc,15,64,0.8219588210282828,0.8237624800015494,0.8314001973860091,0.8107137856972898
LogP,DTR,cdk_desc,15,128,0.7976024162305013,0.8591971355591608,0.773040351513911,0.7605697616184323
LogP,DTR,cdk_desc,20,32,0.8271106609806155,0.9179297018660314,0.7662261077586191,0.7971761733171961
LogP,DTR,cdk_desc,20,64,0.8257349131767096,0.825612454753051,0.8372906657503123,0.8143016190267655
LogP,DTR,cdk_desc,20,128,0.798310042598702,0.8610489617246152,0.7735765019366672,0.7603046641348237
LogP,DTR,cdk_desc,30,32,0.8270738470224457,0.9179279349769649,0.766178961019008,0.7971146450713644
LogP,DTR,cdk_desc,30,64,0.8259426965079686,0.8255911908034435,0.838115135270318,0.8141217634501444
LogP,DTR,cdk_desc,30,128,0.7981470593069018,0.8605878227417963,0.7735686618369899,0.7602846933419188
LogP,DTR,rdkit_desc,5,32,0.7972519717550031,0.8481975269107007,0.78415974125405,0.7593986471002587
LogP,DTR,rdkit_desc,5,64,0.777210707010543,0.8384798929248638,0.7628598514038105,0.7302923767029547
LogP,DTR,rdkit_desc,5,128,0.7587257682560189,0.8117800650174883,0.7471187944376437,0.7172784453129246
LogP,DTR,rdkit_desc,10,32,0.8267420460982767,0.8795856342861128,0.7759766190522988,0.8246638849564186
LogP,DTR,rdkit_desc,10,64,0.7920521819690682,0.8684571572502781,0.7906677089385455,0.7170316797183811
LogP,DTR,rdkit_desc,10,128,0.7996457111977682,0.8762478696680598,0.750264386857097,0.7724248770681477
LogP,DTR,rdkit_desc,15,32,0.8428056397777941,0.9018870989558866,0.790041352565921,0.8364884678115748
LogP,DTR,rdkit_desc,15,64,0.8088392020301371,0.8784050968756391,0.8056318155633574,0.7424806936514151
LogP,DTR,rdkit_desc,15,128,0.8153044900009833,0.8904948471340731,0.7638273591439444,0.7915912637249326
LogP,DTR,rdkit_desc,20,32,0.8477991776174791,0.9080414115749869,0.797668306889778,0.8376878143876728
LogP,DTR,rdkit_desc,20,64,0.8123135909438712,0.8836925375115324,0.8081649286795036,0.7450833066405773
LogP,DTR,rdkit_desc,20,128,0.815700027840456,0.8901490631837653,0.7638586307060756,0.7930923896315274
LogP,DTR,rdkit_desc,30,32,0.847757486313979,0.9077733434050282,0.7977529352893113,0.8377461802475976
LogP,DTR,rdkit_desc,30,64,0.8124450886584607,0.8839549673851155,0.8083799593666964,0.7450003392235703
LogP,DTR,rdkit_desc,30,128,0.8157810617964715,0.8901948694176236,0.7637962724200166,0.7933520435517741
TB_SRI,DTR,cdk_fp,5,32,0.6707969736681949,0.6739726547273928,0.6750954712512701,0.6633227950259221
TB_SRI,DTR,cdk_fp,5,64,0.6707969736681949,0.6739726547273928,0.6750954712512701,0.6633227950259221
TB_SRI,DTR,cdk_fp,5,128,0.6707969736681949,0.6739726547273928,0.6750954712512701,0.6633227950259221
TB_SRI,DTR,cdk_fp,10,32,0.6943908240428656,0.6908559022026441,0.7183765050844438,0.673940064841509
TB_SRI,DTR,cdk_fp,10,64,0.6943908240428656,0.6908559022026441,0.7183765050844438,0.673940064841509
TB_SRI,DTR,cdk_fp,10,128,0.6943908240428656,0.6908559022026441,0.7183765050844438,0.673940064841509
TB_SRI,DTR,cdk_fp,15,32,0.721075471497141,0.7280040552120064,0.7435985015603024,0.6916238577191145
TB_SRI,DTR,cdk_fp,15,64,0.721075471497141,0.7280040552120064,0.7435985015603024,0.6916238577191145
TB_SRI,DTR,cdk_fp,15,128,0.721075471497141,0.7280040552120064,0.7435985015603024,0.6916238577191145
TB_SRI,DTR,cdk_fp,20,32,0.7310400136864095,0.7325981929296823,0.7483282984967232,0.7121935496328231
TB_SRI,DTR,cdk_fp,20,64,0.7310400136864095,0.7325981929296823,0.7483282984967232,0.7121935496328231
TB_SRI,DTR,cdk_fp,20,128,0.7310400136864095,0.7325981929296823,0.7483282984967232,0.7121935496328231
TB_SRI,DTR,cdk_fp,30,32,0.7396656182259337,0.7407937753147888,0.7477205577174322,0.7304825216455803
TB_SRI,DTR,cdk_fp,30,64,0.7396656182259337,0.7407937753147888,0.7477205577174322,0.7304825216455803
TB_SRI,DTR,cdk_fp,30,128,0.7396656182259337,0.7407937753147888,0.7477205577174322,0.7304825216455803
TB_SRI,DTR,rdkit_fp,5,32,0.656784032765714,0.6475514761638428,0.6570809045130941,0.6657197176202052
TB_SRI,DTR,rdkit_fp,5,64,0.656784032765714,0.6475514761638428,0.6570809045130941,0.6657197176202052
TB_SRI,DTR,rdkit_fp,5,128,0.656784032765714,0.6475514761638428,0.6570809045130941,0.6657197176202052
TB_SRI,DTR,rdkit_fp,10,32,0.6660013951015709,0.6569143694773766,0.683330094177562,0.6577597216497741
TB_SRI,DTR,rdkit_fp,10,64,0.6660013951015709,0.6569143694773766,0.683330094177562,0.6577597216497741
TB_SRI,DTR,rdkit_fp,10,128,0.6660013951015709,0.6569143694773766,0.683330094177562,0.6577597216497741
TB_SRI,DTR,rdkit_fp,15,32,0.6862270705025308,0.6660822554623793,0.7109944566790879,0.6816044993661252
TB_SRI,DTR,rdkit_fp,15,64,0.6862270705025308,0.6660822554623793,0.7109944566790879,0.6816044993661252
TB_SRI,DTR,rdkit_fp,15,128,0.6862270705025308,0.6660822554623793,0.7109944566790879,0.6816044993661252
TB_SRI,DTR,rdkit_fp,20,32,0.7152144182624205,0.6909273099837242,0.7373633855194939,0.7173525592840434
TB_SRI,DTR,rdkit_fp,20,64,0.7152144182624205,0.6909273099837242,0.7373633855194939,0.7173525592840434
TB_SRI,DTR,rdkit_fp,20,128,0.7152144182624205,0.6909273099837242,0.7373633855194939,0.7173525592840434
TB_SRI,DTR,rdkit_fp,30,32,0.7371281228160852,0.6984342880441031,0.7632246114771808,0.7497254689269718
TB_SRI,DTR,rdkit_fp,30,64,0.7371281228160852,0.6984342880441031,0.7632246114771808,0.7497254689269718
TB_SRI,DTR,rdkit_fp,30,128,0.7371281228160852,0.6984342880441031,0.7632246114771808,0.7497254689269718
TB_SRI,DTR,cdk_desc,5,32,0.69382777351367,0.6977830587441153,0.694318549120211,0.6893817126766838
TB_SRI,DTR,cdk_desc,5,64,0.6928515017811093,0.6888550913070073,0.7049280334592002,0.6847713805771204
TB_SRI,DTR,cdk_desc,5,128,0.7092000148230923,0.706177166553479,0.7016555624215663,0.7197673154942318
TB_SRI,DTR,cdk_desc,10,32,0.7887089595434764,0.7872012737896742,0.7893522144026467,0.7895733904381083
TB_SRI,DTR,cdk_desc,10,64,0.7983197376581652,0.8262382409901383,0.7934809631550075,0.7752400088293503
TB_SRI,DTR,cdk_desc,10,128,0.8202587505083591,0.8207807286950625,0.7946872644181482,0.8453082584118669
TB_SRI,DTR,cdk_desc,15,32,0.8738967334665795,0.8558564052030615,0.8847042306037518,0.8811295645929256
TB_SRI,DTR,cdk_desc,15,64,0.8900816327848591,0.9138955366196324,0.8906619971709521,0.8656873645639925
TB_SRI,DTR,cdk_desc,15,128,0.8952761858071342,0.8976945147756965,0.8571400753993089,0.930993967246397
TB_SRI,DTR,cdk_desc,20,32,0.9178135158823664,0.9066439350615597,0.9231035786971965,0.923693033888343
TB_SRI,DTR,cdk_desc,20,64,0.9111842914665178,0.9310987039659906,0.9033321579642212,0.8991220124693419
TB_SRI,DTR,cdk_desc,20,128,0.9250611477657735,0.9156341015501105,0.8864679445999454,0.9730813971472652
TB_SRI,DTR,cdk_desc,30,32,0.9225211445925565,0.9112978866655007,0.92331557406931,0.9329499730428588
TB_SRI,DTR,cdk_desc,30,64,0.9135801286369567,0.931426176649747,0.9061137827707573,0.9032004264903656
TB_SRI,DTR,cdk_desc,30,128,0.9358742417624281,0.9200089670040366,0.898718067744711,0.988895690538537
TB_SRI,DTR,rdkit_desc,5,32,0.7086851722795124,0.6912447029538981,0.7178183687634855,0.716992445121154
TB_SRI,DTR,rdkit_desc,5,64,0.7135489210098396,0.7015465391339574,0.7038618146402191,0.7352384092553423
TB_SRI,DTR,rdkit_desc,5,128,0.71425515133322,0.7122326835480877,0.7026532292017197,0.7278795412498532
TB_SRI,DTR,rdkit_desc,10,32,0.8362628269149287,0.8083003504697618,0.8632949263688651,0.8371932039061596
TB_SRI,DTR,rdkit_desc,10,64,0.832402083832148,0.797035946956405,0.8376221499722637,0.8625481545677754
TB_SRI,DTR,rdkit_desc,10,128,0.8485099126701336,0.8587603245224832,0.8251536331727233,0.8616157803151946
TB_SRI,DTR,rdkit_desc,15,32,0.9047890575369855,0.8743972232981133,0.9350681910866024,0.9049017582262407
TB_SRI,DTR,rdkit_desc,15,64,0.8865211406830991,0.8530187642232478,0.911059923055384,0.8954847347706655
TB_SRI,DTR,rdkit_desc,15,128,0.8824388316121312,0.8847263340063961,0.876122962432087,0.8864671983979108
TB_SRI,DTR,rdkit_desc,20,32,0.9110656305493943,0.8723649662441181,0.9445167381827894,0.9163151872212755
TB_SRI,DTR,rdkit_desc,20,64,0.8991777080149405,0.8605872175992668,0.9181908574902702,0.9187550489552843
TB_SRI,DTR,rdkit_desc,20,128,0.9018209218234531,0.8874705594966409,0.8980756986444702,0.9199165073292482
TB_SRI,DTR,rdkit_desc,30,32,0.9127970281567128,0.8723760637017833,0.948288612261715,0.9177264085066403
TB_SRI,DTR,rdkit_desc,30,64,0.901920080148092,0.8606173948962731,0.9210569331489906,0.9240859123990125
TB_SRI,DTR,rdkit_desc,30,128,0.9017547913223877,0.8873442692971506,0.8982338260148052,0.9196862786552074
MouseRatTox,DTR,cdk_fp,5,32,1.2842797621890434,1.1337935069813383,1.2678021759940339,1.4512436035917584
MouseRatTox,DTR,cdk_fp,5,64,1.2842797621890434,1.1337935069813383,1.2678021759940339,1.4512436035917584
MouseRatTox,DTR,cdk_fp,5,128,1.2842797621890434,1.1337935069813383,1.2678021759940339,1.4512436035917584
MouseRatTox,DTR,cdk_fp,10,32,1.3261763306025123,1.1711444008596414,1.360161731726812,1.4472228592210836
MouseRatTox,DTR,cdk_fp,10,64,1.3261763306025123,1.1711444008596414,1.360161731726812,1.4472228592210836
MouseRatTox,DTR,cdk_fp,10,128,1.3261763306025123,1.1711444008596414,1.360161731726812,1.4472228592210836
MouseRatTox,DTR,cdk_fp,15,32,1.385822223143411,1.206175835146381,1.4890939001403005,1.4621969341435523
MouseRatTox,DTR,cdk_fp,15,64,1.385822223143411,1.206175835146381,1.4890939001403005,1.4621969341435523
MouseRatTox,DTR,cdk_fp,15,128,1.385822223143411,1.206175835146381,1.4890939001403005,1.4621969341435523
MouseRatTox,DTR,cdk_fp,20,32,1.3988804878716226,1.207427809425178,1.4763448806016242,1.512868773588066
MouseRatTox,DTR,cdk_fp,20,64,1.3988804878716226,1.207427809425178,1.4763448806016242,1.512868773588066
MouseRatTox,DTR,cdk_fp,20,128,1.3988804878716226,1.207427809425178,1.4763448806016242,1.512868773588066
MouseRatTox,DTR,cdk_fp,30,32,1.424953469246006,1.2904872025311978,1.4619453527195088,1.5224278524873118
MouseRatTox,DTR,cdk_fp,30,64,1.424953469246006,1.2904872025311978,1.4619453527195088,1.5224278524873118
MouseRatTox,DTR,cdk_fp,30,128,1.424953469246006,1.2904872025311978,1.4619453527195088,1.5224278524873118
MouseRatTox,DTR,rdkit_fp,5,32,1.3510533064745973,1.1319127227040466,1.325532139223223,1.5957150574965222
MouseRatTox,DTR,rdkit_fp,5,64,1.3510533064745973,1.1319127227040466,1.325532139223223,1.5957150574965222
MouseRatTox,DTR,rdkit_fp,5,128,1.3510533064745973,1.1319127227040466,1.325532139223223,1.5957150574965222
MouseRatTox,DTR,rdkit_fp,10,32,1.3644815060178808,1.1166449008264918,1.349130040093828,1.627669577133323
MouseRatTox,DTR,rdkit_fp,10,64,1.3644815060178808,1.1166449008264918,1.349130040093828,1.627669577133323
MouseRatTox,DTR,rdkit_fp,10,128,1.3644815060178808,1.1166449008264918,1.349130040093828,1.627669577133323
MouseRatTox,DTR,rdkit_fp,15,32,1.4206862279305699,1.165930783264349,1.4642519155850238,1.6318759849423377
MouseRatTox,DTR,rdkit_fp,15,64,1.4206862279305699,1.165930783264349,1.4642519155850238,1.6318759849423377
MouseRatTox,DTR,rdkit_fp,15,128,1.4206862279305703,1.165930783264349,1.4642519155850238,1.6318759849423379
MouseRatTox,DTR,rdkit_fp,20,32,1.4534915484531308,1.2551216507531577,1.4293034345305156,1.6760495600757193
MouseRatTox,DTR,rdkit_fp,20,64,1.4534915484531308,1.2551216507531577,1.4293034345305156,1.6760495600757193
MouseRatTox,DTR,rdkit_fp,20,128,1.4534915484531308,1.2551216507531577,1.4293034345305156,1.6760495600757193
MouseRatTox,DTR,rdkit_fp,30,32,1.5026191581594461,1.2815226949717933,1.4512780675266101,1.7750567119799356
MouseRatTox,DTR,rdkit_fp,30,64,1.5026191581594461,1.2815226949717933,1.4512780675266101,1.7750567119799356
MouseRatTox,DTR,rdkit_fp,30,128,1.5026191581594461,1.2815226949717933,1.4512780675266101,1.7750567119799356
MouseRatTox,DTR,cdk_desc,5,32,1.562194813633102,1.4627023285039493,1.5664586380920391,1.657423474303318
MouseRatTox,DTR,cdk_desc,5,64,1.546020062059218,1.3573531666209036,1.6080920626425843,1.672614956914166
MouseRatTox,DTR,cdk_desc,5,128,1.5490805827646024,1.3625246116362109,1.636102255750341,1.648614880907256
MouseRatTox,DTR,cdk_desc,10,32,1.7666488150308137,1.5748771963144295,1.8818697866363312,1.8431994621416803
MouseRatTox,DTR,cdk_desc,10,64,1.7933770613507978,1.6848962518192188,1.7727366626938184,1.9224982695393564
MouseRatTox,DTR,cdk_desc,10,128,1.7951485906726614,1.638444101521516,1.874831638157728,1.8721700323387405
MouseRatTox,DTR,cdk_desc,15,32,1.7718526204604121,1.5759282985297296,1.898149084756798,1.8414804780947094
MouseRatTox,DTR,cdk_desc,15,64,1.8089916165798763,1.718628880426419,1.7779582867863974,1.930387682526813
MouseRatTox,DTR,cdk_desc,15,128,1.8157429831196572,1.6726870556540048,1.8896711377444007,1.8848707559605664
MouseRatTox,DTR,cdk_desc,20,32,1.7718730111089473,1.5759282985297296,1.8982102567024035,1.8414804780947094
MouseRatTox,DTR,cdk_desc,20,64,1.8090027089006657,1.7185955162575162,1.7779225419035964,1.9304900685408846
MouseRatTox,DTR,cdk_desc,20,128,1.8156327116857085,1.672652775090257,1.8893984016570236,1.8848469583098457
MouseRatTox,DTR,cdk_desc,30,32,1.7718730111089473,1.5759282985297298,1.8982102567024035,1.8414804780947094
MouseRatTox,DTR,cdk_desc,30,64,1.8090027089006657,1.7185955162575162,1.7779225419035964,1.9304900685408848
MouseRatTox,DTR,cdk_desc,30,128,1.8156327116857085,1.672652775090257,1.8893984016570236,1.8848469583098457
MouseRatTox,DTR,rdkit_desc,5,32,1.3493571563699427,1.2336750792683495,1.4216114361877294,1.392784953653749
MouseRatTox,DTR,rdkit_desc,5,64,1.468466943998767,1.329580829905011,1.4166910112290745,1.6591289908622164
MouseRatTox,DTR,rdkit_desc,5,128,1.4382287728277288,1.3295808299050105,1.4074444958623906,1.5776609927157856
MouseRatTox,DTR,rdkit_desc,10,32,1.4909910319467619,1.3409789094035405,1.5935845453195234,1.538409641117222
MouseRatTox,DTR,rdkit_desc,10,64,1.5434081467961376,1.3435453101157422,1.5412770117609975,1.7454021185116733
MouseRatTox,DTR,rdkit_desc,10,128,1.501726963834742,1.373202384064822,1.494933433567658,1.6370450738717466
MouseRatTox,DTR,rdkit_desc,15,32,1.4878082683465363,1.3416317684689776,1.571050200658013,1.5507428359126187
MouseRatTox,DTR,rdkit_desc,15,64,1.5333000773708174,1.3335715406869635,1.5104381118044026,1.7558905796210864
MouseRatTox,DTR,rdkit_desc,15,128,1.4926726586017136,1.3745018543925969,1.471490729407218,1.632025392005327
MouseRatTox,DTR,rdkit_desc,20,32,1.4879304994762066,1.3417767918981736,1.571271870617827,1.5507428359126187
MouseRatTox,DTR,rdkit_desc,20,64,1.5351013055014953,1.3390147057839514,1.5103986310994477,1.7558905796210864
MouseRatTox,DTR,rdkit_desc,20,128,1.494523445265224,1.3797919982684468,1.4710214450151236,1.632756892512102
MouseRatTox,DTR,rdkit_desc,30,32,1.4879304994762066,1.3417767918981738,1.571271870617827,1.5507428359126187
MouseRatTox,DTR,rdkit_desc,30,64,1.5351013055014953,1.3390147057839517,1.5103986310994477,1.7558905796210864
MouseRatTox,DTR,rdkit_desc,30,128,1.494523445265224,1.3797919982684468,1.4710214450151236,1.632756892512102
ADMECaco2,DTR,cdk_fp,5,32,0.7637384382617365,0.8561544558189854,0.8019600495091964,0.6331008094570278
ADMECaco2,DTR,cdk_fp,5,64,0.7637384382617365,0.8561544558189854,0.8019600495091965,0.633100809457028
ADMECaco2,DTR,cdk_fp,5,128,0.7637384382617365,0.8561544558189854,0.8019600495091965,0.6331008094570278
ADMECaco2,DTR,cdk_fp,10,32,0.773303829921217,0.8245008565761341,0.8220539638525645,0.6733566693349525
ADMECaco2,DTR,cdk_fp,10,64,0.7733038299212169,0.824500856576134,0.8220539638525645,0.6733566693349525
ADMECaco2,DTR,cdk_fp,10,128,0.7733038299212169,0.824500856576134,0.8220539638525645,0.6733566693349525
ADMECaco2,DTR,cdk_fp,15,32,0.7869326957393656,0.8340044513815815,0.8386383012583558,0.68815533457816
ADMECaco2,DTR,cdk_fp,15,64,0.7869326957393659,0.8340044513815815,0.8386383012583556,0.6881553345781601
ADMECaco2,DTR,cdk_fp,15,128,0.7869326957393659,0.8340044513815815,0.8386383012583558,0.6881553345781601
ADMECaco2,DTR,cdk_fp,20,32,0.7873664427194648,0.840569802684751,0.8395221051183166,0.6820074203553268
ADMECaco2,DTR,cdk_fp,20,64,0.7873664427194648,0.840569802684751,0.8395221051183166,0.6820074203553268
ADMECaco2,DTR,cdk_fp,20,128,0.7873664427194648,0.840569802684751,0.8395221051183166,0.6820074203553268
ADMECaco2,DTR,cdk_fp,30,32,0.7904135063562766,0.8422147321396383,0.8447347348533775,0.6842910520758142
ADMECaco2,DTR,cdk_fp,30,64,0.7904135063562766,0.8422147321396383,0.8447347348533775,0.6842910520758141
ADMECaco2,DTR,cdk_fp,30,128,0.7904135063562766,0.8422147321396383,0.8447347348533775,0.6842910520758141
ADMECaco2,DTR,rdkit_fp,5,32,0.6903125561048734,0.6587225476931825,0.7666999821448018,0.645515138476636
ADMECaco2,DTR,rdkit_fp,5,64,0.6903125561048734,0.6587225476931824,0.7666999821448018,0.645515138476636
ADMECaco2,DTR,rdkit_fp,5,128,0.6903125561048734,0.6587225476931824,0.7666999821448018,0.645515138476636
ADMECaco2,DTR,rdkit_fp,10,32,0.7418503854489378,0.7048935032470728,0.7890401273952379,0.7316175257045031
ADMECaco2,DTR,rdkit_fp,10,64,0.7418503854489378,0.7048935032470728,0.7890401273952379,0.7316175257045031
ADMECaco2,DTR,rdkit_fp,10,128,0.7418503854489378,0.7048935032470728,0.7890401273952379,0.7316175257045031
ADMECaco2,DTR,rdkit_fp,15,32,0.7581904975809028,0.7233468144962086,0.7750944731550625,0.7761302050914377
ADMECaco2,DTR,rdkit_fp,15,64,0.7581904975809028,0.7233468144962086,0.7750944731550624,0.7761302050914377
ADMECaco2,DTR,rdkit_fp,15,128,0.7581904975809028,0.7233468144962086,0.7750944731550624,0.7761302050914377
ADMECaco2,DTR,rdkit_fp,20,32,0.7632184072612733,0.726697406751774,0.7852526353887157,0.7777051796433303
ADMECaco2,DTR,rdkit_fp,20,64,0.7632184072612733,0.726697406751774,0.7852526353887157,0.7777051796433303
ADMECaco2,DTR,rdkit_fp,20,128,0.7632184072612733,0.726697406751774,0.7852526353887157,0.7777051796433303
ADMECaco2,DTR,rdkit_fp,30,32,0.7606729142447107,0.726697406751774,0.7691131966819355,0.786208139300423
ADMECaco2,DTR,rdkit_fp,30,64,0.7606729142447107,0.726697406751774,0.7691131966819355,0.7862081393004231
ADMECaco2,DTR,rdkit_fp,30,128,0.7606729142447107,0.726697406751774,0.7691131966819355,0.786208139300423
ADMECaco2,DTR,cdk_desc,5,32,0.7994039925626144,0.6977783285870012,0.8220184567173919,0.8784151923834503
ADMECaco2,DTR,cdk_desc,5,64,0.8176807622488053,0.7071670364219422,0.8325969585954743,0.9132782917289993
ADMECaco2,DTR,cdk_desc,5,128,0.8204721791174819,0.7071670364219422,0.8409712092015046,0.9132782917289993
ADMECaco2,DTR,cdk_desc,10,32,0.8702698659352079,0.7543407399560956,0.908783069248403,0.9476857886011253
ADMECaco2,DTR,cdk_desc,10,64,0.8829809014035139,0.7922477707428769,0.8890880876781171,0.9676068457895476
ADMECaco2,DTR,cdk_desc,10,128,0.8857337961751031,0.7892470511964709,0.9003474915392911,0.9676068457895476
ADMECaco2,DTR,cdk_desc,15,32,0.87158141598304,0.7535343509045859,0.9085447024748108,0.9526651945697229
ADMECaco2,DTR,cdk_desc,15,64,0.8873651045809829,0.7926598711885295,0.8965977971007029,0.9728376454537166
ADMECaco2,DTR,cdk_desc,15,128,0.8878334353023427,0.7897480749939415,0.9012507248008019,0.9725015061122848
ADMECaco2,DTR,cdk_desc,20,32,0.8715795696547171,0.7535343509045859,0.9085391634898426,0.9526651945697229
ADMECaco2,DTR,cdk_desc,20,64,0.8872919192024172,0.7925921261471042,0.8964319625211926,0.9728516689389549
ADMECaco2,DTR,cdk_desc,20,128,0.8876517889618585,0.7896800801555065,0.9007612180294365,0.9725140687006323
ADMECaco2,DTR,cdk_desc,30,32,0.8715795696547171,0.7535343509045859,0.9085391634898426,0.9526651945697229
ADMECaco2,DTR,cdk_desc,30,64,0.8872919192024172,0.792592126147104,0.8964319625211928,0.9728516689389551
ADMECaco2,DTR,cdk_desc,30,128,0.8876517889618583,0.7896800801555063,0.9007612180294365,0.9725140687006323
ADMECaco2,DTR,rdkit_desc,5,32,0.8145397372838558,0.7653476294956908,0.8347778891936992,0.8434936931621774
ADMECaco2,DTR,rdkit_desc,5,64,0.8288777294510395,0.7270390889243397,0.8326270847292719,0.9269670146995073
ADMECaco2,DTR,rdkit_desc,5,128,0.8316100410901521,0.7494444190411512,0.8330956335699518,0.9122900706593534
ADMECaco2,DTR,rdkit_desc,10,32,0.8599241779836764,0.8054188970022881,0.8916915715598027,0.8826620653889388
ADMECaco2,DTR,rdkit_desc,10,64,0.8743693647476852,0.7551769775627206,0.9261957038324505,0.9417354128478848
ADMECaco2,DTR,rdkit_desc,10,128,0.881031734509824,0.8087707844158426,0.9207221072966911,0.9136023118169387
ADMECaco2,DTR,rdkit_desc,15,32,0.8564925102170016,0.8037861231240445,0.8863135596240408,0.8793778479029195
ADMECaco2,DTR,rdkit_desc,15,64,0.8748953181284651,0.7542651871336471,0.9292390695664858,0.9411816976852628
ADMECaco2,DTR,rdkit_desc,15,128,0.8854427641211144,0.8081842280569729,0.9350975388820968,0.9130465254242737
ADMECaco2,DTR,rdkit_desc,20,32,0.856425535557616,0.8037861231240446,0.8861126356458842,0.8793778479029195
ADMECaco2,DTR,rdkit_desc,20,64,0.8742504807248839,0.7542651871336471,0.9273045573557419,0.9411816976852628
ADMECaco2,DTR,rdkit_desc,20,128,0.8854479044378124,0.8081842280569729,0.9351129598321906,0.9130465254242739
ADMECaco2,DTR,rdkit_desc,30,32,0.856425535557616,0.8037861231240445,0.8861126356458839,0.8793778479029195
ADMECaco2,DTR,rdkit_desc,30,64,0.8742504807248839,0.7542651871336471,0.9273045573557419,0.9411816976852628
ADMECaco2,DTR,rdkit_desc,30,128,0.8854479044378124,0.8081842280569729,0.9351129598321906,0.9130465254242737
Caco2,DTR,cdk_fp,5,32,0.8242311277112158,0.6859146660407224,0.8624653616704547,0.9243133554224703
Caco2,DTR,cdk_fp,5,64,0.8242311277112158,0.6859146660407224,0.862465361670455,0.9243133554224703
Caco2,DTR,cdk_fp,5,128,0.8242311277112158,0.6859146660407224,0.8624653616704547,0.9243133554224703
Caco2,DTR,cdk_fp,10,32,0.9014120035666002,0.8242041922081653,0.9503395157496058,0.9296923027420297
Caco2,DTR,cdk_fp,10,64,0.9014120035666002,0.8242041922081653,0.9503395157496058,0.9296923027420296
Caco2,DTR,cdk_fp,10,128,0.9014120035666002,0.8242041922081653,0.9503395157496058,0.9296923027420296
Caco2,DTR,cdk_fp,15,32,0.8991442399965681,0.8182124408354777,0.9540528768846577,0.9251674022695686
Caco2,DTR,cdk_fp,15,64,0.8991442399965681,0.8182124408354777,0.9540528768846577,0.9251674022695686
Caco2,DTR,cdk_fp,15,128,0.8991442399965681,0.8182124408354777,0.9540528768846577,0.9251674022695686
Caco2,DTR,cdk_fp,20,32,0.898917717703662,0.8175328739567601,0.9540528768846577,0.9251674022695686
Caco2,DTR,cdk_fp,20,64,0.898917717703662,0.8175328739567601,0.9540528768846577,0.9251674022695686
Caco2,DTR,cdk_fp,20,128,0.898917717703662,0.8175328739567602,0.9540528768846577,0.9251674022695686
Caco2,DTR,cdk_fp,30,32,0.8982760093379778,0.8156077488597075,0.9540528768846577,0.9251674022695686
Caco2,DTR,cdk_fp,30,64,0.8982760093379778,0.8156077488597075,0.9540528768846577,0.9251674022695686
Caco2,DTR,cdk_fp,30,128,0.8982760093379778,0.8156077488597075,0.9540528768846577,0.9251674022695686
Caco2,DTR,rdkit_fp,5,32,0.7814809082421859,0.6934980660950072,0.7883700732943989,0.8625745853371518
Caco2,DTR,rdkit_fp,5,64,0.7814809082421859,0.6934980660950073,0.7883700732943989,0.8625745853371518
Caco2,DTR,rdkit_fp,5,128,0.7814809082421859,0.6934980660950072,0.7883700732943989,0.8625745853371518
Caco2,DTR,rdkit_fp,10,32,0.8649207143630999,0.7429227898908007,0.8816947377696038,0.9701446154288953
Caco2,DTR,rdkit_fp,10,64,0.8649207143630999,0.7429227898908007,0.8816947377696038,0.9701446154288953
Caco2,DTR,rdkit_fp,10,128,0.8649207143630999,0.7429227898908007,0.8816947377696038,0.9701446154288953
Caco2,DTR,rdkit_fp,15,32,0.8693429426488659,0.7604694234120374,0.8802984521540773,0.9672609523804834
Caco2,DTR,rdkit_fp,15,64,0.8693429426488659,0.7604694234120374,0.8802984521540773,0.9672609523804834
Caco2,DTR,rdkit_fp,15,128,0.8693429426488659,0.7604694234120374,0.8802984521540773,0.9672609523804834
Caco2,DTR,rdkit_fp,20,32,0.8651314530940685,0.7532075413163745,0.8749258655853479,0.9672609523804834
Caco2,DTR,rdkit_fp,20,64,0.8651314530940685,0.7532075413163745,0.8749258655853479,0.9672609523804834
Caco2,DTR,rdkit_fp,20,128,0.8651314530940685,0.7532075413163745,0.8749258655853479,0.9672609523804834
Caco2,DTR,rdkit_fp,30,32,0.8711839472678145,0.7713650238376122,0.8749258655853479,0.9672609523804834
Caco2,DTR,rdkit_fp,30,64,0.8711839472678145,0.7713650238376122,0.8749258655853479,0.9672609523804834
Caco2,DTR,rdkit_fp,30,128,0.8711839472678145,0.7713650238376122,0.8749258655853479,0.9672609523804834
Caco2,DTR,cdk_desc,5,32,0.855440981489354,0.8153002001996432,0.890988984625773,0.8600337596426458
Caco2,DTR,cdk_desc,5,64,0.7644183085412202,0.6697941761464994,0.7926003662461725,0.8308603832309884
Caco2,DTR,cdk_desc,5,128,0.7957645606224617,0.7638329323902247,0.7926003662461725,0.8308603832309884
Caco2,DTR,cdk_desc,10,32,0.8604982159679628,0.7896995912652128,0.901590561474853,0.8902044951638227
Caco2,DTR,cdk_desc,10,64,0.7879267685194238,0.6777010976660564,0.822662536310393,0.8634166715818222
Caco2,DTR,cdk_desc,10,128,0.8171870879030623,0.7654820558169719,0.8226625363103929,0.8634166715818222
Caco2,DTR,cdk_desc,15,32,0.860000766704331,0.7888269772263117,0.9015351022231695,0.889640220663512
Caco2,DTR,cdk_desc,15,64,0.7887382279025352,0.6807172687687596,0.8226625363103929,0.8628348786284534
Caco2,DTR,cdk_desc,15,128,0.8178836818020284,0.7681536304672391,0.822662536310393,0.8628348786284534
Caco2,DTR,cdk_desc,20,32,0.860000766704331,0.7888269772263117,0.9015351022231695,0.889640220663512
Caco2,DTR,cdk_desc,20,64,0.7887382279025352,0.6807172687687596,0.822662536310393,0.8628348786284534
Caco2,DTR,cdk_desc,20,128,0.8178836818020284,0.7681536304672391,0.8226625363103929,0.8628348786284534
Caco2,DTR,cdk_desc,30,32,0.860000766704331,0.7888269772263117,0.9015351022231695,0.889640220663512
Caco2,DTR,cdk_desc,30,64,0.7887382279025352,0.6807172687687596,0.822662536310393,0.8628348786284534
Caco2,DTR,cdk_desc,30,128,0.8178836818020284,0.7681536304672391,0.822662536310393,0.8628348786284534
Caco2,DTR,rdkit_desc,5,32,0.7768131404302909,0.9603475437455478,0.6177372788821484,0.7523545986631768
Caco2,DTR,rdkit_desc,5,64,0.7622456454361091,0.9205342578068013,0.6318464653191861,0.7343562131823398
Caco2,DTR,rdkit_desc,5,128,0.7622456454361091,0.9205342578068014,0.6318464653191861,0.7343562131823398
Caco2,DTR,rdkit_desc,10,32,0.793418155133181,0.9481235854746646,0.6504073567616914,0.7817235231631875
Caco2,DTR,rdkit_desc,10,64,0.7625285294233715,0.9081117772609273,0.6191193614996908,0.7603544495094962
Caco2,DTR,rdkit_desc,10,128,0.7625285294233715,0.9081117772609273,0.6191193614996908,0.7603544495094962
Caco2,DTR,rdkit_desc,15,32,0.7944882865295076,0.9496051811147622,0.6508544280301755,0.7830052504435856
Caco2,DTR,rdkit_desc,15,64,0.7611782890718841,0.9080462543284897,0.6191193614996908,0.7563692513874718
Caco2,DTR,rdkit_desc,15,128,0.7611782890718841,0.9080462543284897,0.6191193614996908,0.7563692513874718
Caco2,DTR,rdkit_desc,20,32,0.7944882865295076,0.9496051811147622,0.6508544280301755,0.7830052504435856
Caco2,DTR,rdkit_desc,20,64,0.761178289071884,0.9080462543284897,0.6191193614996908,0.7563692513874717
Caco2,DTR,rdkit_desc,20,128,0.7611782890718841,0.9080462543284897,0.6191193614996908,0.7563692513874718
Caco2,DTR,rdkit_desc,30,32,0.7944882865295076,0.9496051811147622,0.6508544280301755,0.7830052504435856
Caco2,DTR,rdkit_desc,30,64,0.761178289071884,0.9080462543284897,0.6191193614996908,0.7563692513874717
Caco2,DTR,rdkit_desc,30,128,0.7611782890718841,0.9080462543284897,0.6191193614996908,0.7563692513874718
