"NAME [String]","METHOD [String]","gamma [Double]","scalerType [String]","featuresColumn [String]","C [Double]","rocAuc [Double]","rocAuc_1 [Double]","rocAuc_2 [Double]","rocAuc_3 [Double]"
"SR-p53","Smile SVC RBF classification","1.0E-4","MaxMin","rdkit_fp","0.001","0.6457918110807458","0.6866115287075369","0.6053175305456161","0.6454463739890841"
"SR-p53","Smile SVC RBF classification","0.001","MaxMin","rdkit_fp","0.001","0.6933533172723071","0.7110626242317591","0.7117062826106892","0.6572910449744728"
"SR-p53","Smile SVC RBF classification","0.01","MaxMin","rdkit_fp","0.001","0.6997701744523104","0.7219607484749443","0.6716591619408024","0.7056906129411844"
"SR-p53","Smile SVC RBF classification","0.1","MaxMin","rdkit_fp","0.001","0.7617307560011923","0.7786424181498309","0.740515929924891","0.7660339199288553"
"SR-p53","Smile SVC RBF classification","1.0","MaxMin","rdkit_fp","0.001","0.8424411013955165","0.8646187941236936","0.8233759497147143","0.8393285603481418"
"SR-p53","Smile SVC RBF classification","1.0E-4","Standard","rdkit_fp","0.001","0.699842237624897","0.7130411935388056","0.6811356037853497","0.7053499155505354"
"SR-p53","Smile SVC RBF classification","0.001","Standard","rdkit_fp","0.001","0.8181618951877425","0.8282494459549011","0.807622563870083","0.8186136757382432"
"SR-p53","Smile SVC RBF classification","0.01","Standard","rdkit_fp","0.001","0.7951431533682541","0.7977301286298545","0.7922832819699047","0.7954160495050033"
"SR-p53","Smile SVC RBF classification","0.1","Standard","rdkit_fp","0.001","0.765241830199468","0.7672530786629793","0.7612919607167791","0.7671804512186459"
"SR-p53","Smile SVC RBF classification","1.0","Standard","rdkit_fp","0.001","0.7567262417444497","0.757039228677837","0.7508423746027751","0.7622971219527369"
"SR-p53","Smile SVC RBF classification","1.0E-4","MaxMin","cdk_fp","0.001","0.608345585930998","0.6126870616189478","0.6053840051261704","0.6069656910478759"
"SR-p53","Smile SVC RBF classification","0.001","MaxMin","cdk_fp","0.001","0.6315146372357264","0.6317028033539673","0.6315771693597929","0.6312639389934188"
"SR-p53","Smile SVC RBF classification","0.01","MaxMin","cdk_fp","0.001","0.6646859299601381","0.6585574264890689","0.6646575360379429","0.6708428273534023"
"SR-p53","Smile SVC RBF classification","0.1","MaxMin","cdk_fp","0.001","0.7278236746648085","0.7255180607279115","0.7218049701191328","0.7361479931473812"
"SR-p53","Smile SVC RBF classification","1.0","MaxMin","cdk_fp","0.001","0.8393885772510892","0.8591743014462211","0.8257374319452908","0.8332539983617556"
"SR-p53","Smile SVC RBF classification","1.0E-4","Standard","cdk_fp","0.001","0.7164946303233672","0.753075235897545","0.6942289166604936","0.7021797384120633"
"SR-p53","Smile SVC RBF classification","0.001","Standard","cdk_fp","0.001","0.8137881220336274","0.8289748452100921","0.7974159913866314","0.8149735295041585"
"SR-p53","Smile SVC RBF classification","0.01","Standard","cdk_fp","0.001","0.7963105956692561","0.7995476250314021","0.7947679056366124","0.7946162563397537"
"SR-p53","Smile SVC RBF classification","0.1","Standard","cdk_fp","0.001","0.7635844269687039","0.7621238776302819","0.7613704225167789","0.7672589807590509"
"SR-p53","Smile SVC RBF classification","1.0","Standard","cdk_fp","0.001","0.7529397077466093","0.7526479928716626","0.7488721116249728","0.7572990187431923"
"SR-p53","Smile SVC RBF classification","1.0E-4","MaxMin","rdkit_desc","0.001","0.5360575432254782","0.5","0.5","0.6081726296764345"
"SR-p53","Smile SVC RBF classification","0.001","MaxMin","rdkit_desc","0.001","0.5958430538256082","0.61156983252987","0.5","0.6759593289469548"
"SR-p53","Smile SVC RBF classification","0.01","MaxMin","rdkit_desc","0.001","0.7566497325682017","0.7990883958966294","0.741320163374895","0.7295406384330809"
"SR-p53","Smile SVC RBF classification","0.1","MaxMin","rdkit_desc","0.001","0.7475704929785336","0.8196531791907468","0.655951545479507","0.7671067542653471"
"SR-p53","Smile SVC RBF classification","1.0","MaxMin","rdkit_desc","0.001","0.8474478915408289","0.8762411752610435","0.8489228938455354","0.8171796055159075"
"SR-p53","Smile SVC RBF classification","1.0E-4","Standard","rdkit_desc","0.001","0.7508065353126395","0.7822340012337571","0.7008872721883432","0.7692983325158184"
"SR-p53","Smile SVC RBF classification","0.001","Standard","rdkit_desc","0.001","0.7751978778870315","0.8288057757773684","0.7511257088805687","0.7456621490031579"
"SR-p53","Smile SVC RBF classification","0.01","Standard","rdkit_desc","0.001","0.8475250093311572","0.8552183051931763","0.8440811469371406","0.8432755758631544"
"SR-p53","Smile SVC RBF classification","0.1","Standard","rdkit_desc","0.001","0.8836460989393728","0.8966083300966391","0.8805462684875552","0.8737836982339241"
"SR-p53","Smile SVC RBF classification","1.0","Standard","rdkit_desc","0.001","0.8659856048491384","0.8775297585048879","0.8645662152207028","0.8558608408218243"
"SR-p53","Smile SVC RBF classification","1.0E-4","MaxMin","cdk_desc","0.001","0.5659825334193536","0.5","0.5","0.6979476002580607"
"SR-p53","Smile SVC RBF classification","0.001","MaxMin","cdk_desc","0.001","0.5840129158944604","0.5","0.5","0.7520387476833811"
"SR-p53","Smile SVC RBF classification","0.01","MaxMin","cdk_desc","0.001","0.7588383811197055","0.7675729397518729","0.7982921481533116","0.7106500554539317"
"SR-p53","Smile SVC RBF classification","0.1","MaxMin","cdk_desc","0.001","0.8127219238624511","0.8365189974639515","0.8108144334840104","0.7908323406393913"
"SR-p53","Smile SVC RBF classification","1.0","MaxMin","cdk_desc","0.001","0.8444998307106557","0.849064406314975","0.8483987254316401","0.836036360385352"
"SR-p53","Smile SVC RBF classification","1.0E-4","Standard","cdk_desc","0.001","0.7512919804199524","0.7565560099613804","0.7414247791082388","0.7558951521902378"
"SR-p53","Smile SVC RBF classification","0.001","Standard","cdk_desc","0.001","0.79981416173279","0.8005940277365285","0.7926581550143622","0.8061903024474794"
"SR-p53","Smile SVC RBF classification","0.01","Standard","cdk_desc","0.001","0.8545266036411249","0.8649226621581548","0.8522150202039038","0.8464421285613157"
"SR-p53","Smile SVC RBF classification","0.1","Standard","cdk_desc","0.001","0.8762505861094082","0.8812984075487083","0.8797442145319825","0.867709136247534"
"SR-p53","Smile SVC RBF classification","1.0","Standard","cdk_desc","0.001","0.849409600475543","0.8577966140419133","0.8473547475927261","0.8430774397919897"
"SR-p53","Smile SVC RBF classification","1.0E-4","MaxMin","rdkit_fp","0.01","0.6443711029980738","0.6738696337590541","0.5997707171844439","0.6594729580507233"
"SR-p53","Smile SVC RBF classification","0.001","MaxMin","rdkit_fp","0.01","0.6672905288935821","0.6993260069912441","0.6216811748346817","0.6808644048548204"
"SR-p53","Smile SVC RBF classification","0.01","MaxMin","rdkit_fp","0.01","0.7034823192907993","0.7419589206972907","0.6765739219130696","0.6919141152620373"
"SR-p53","Smile SVC RBF classification","0.1","MaxMin","rdkit_fp","0.01","0.7726419855772236","0.7800086819438371","0.7847030002920576","0.753214274495776"
"SR-p53","Smile SVC RBF classification","1.0","MaxMin","rdkit_fp","0.01","0.8443190442262178","0.8660513148575505","0.8264730113203065","0.8404328065007969"
"SR-p53","Smile SVC RBF classification","1.0E-4","Standard","rdkit_fp","0.01","0.7127773841805901","0.7424387123306384","0.6880958192937592","0.7077976209173731"
"SR-p53","Smile SVC RBF classification","0.001","Standard","rdkit_fp","0.01","0.816395085673223","0.826636432178031","0.8063007004895109","0.8162481243521272"
"SR-p53","Smile SVC RBF classification","0.01","Standard","rdkit_fp","0.01","0.7983551232590894","0.7999485937535709","0.7960025892393907","0.7991141867843063"
"SR-p53","Smile SVC RBF classification","0.1","Standard","rdkit_fp","0.01","0.7668159580683379","0.7699067833398062","0.7629679919445752","0.7675730989206325"
"SR-p53","Smile SVC RBF classification","1.0","Standard","rdkit_fp","0.01","0.7552289550450664","0.7561676072105875","0.7488132652749808","0.7607059926496306"
"SR-p53","Smile SVC RBF classification","1.0E-4","MaxMin","cdk_fp","0.01","0.6266536216685809","0.6150586031209243","0.6027097654428073","0.662192496442011"
"SR-p53","Smile SVC RBF classification","0.001","MaxMin","cdk_fp","0.01","0.6539271921280208","0.644869656606276","0.6860732484492862","0.6308386713284999"
"SR-p53","Smile SVC RBF classification","0.01","MaxMin","cdk_fp","0.01","0.6943561080002593","0.7439991775000623","0.6649474087990503","0.674121737701665"
"SR-p53","Smile SVC RBF classification","0.1","MaxMin","cdk_fp","0.01","0.7257082624911092","0.7243094427562836","0.7204536835635615","0.7323616611534823"
"SR-p53","Smile SVC RBF classification","1.0","MaxMin","cdk_fp","0.01","0.8413835699685368","0.8576641001622187","0.826917628186964","0.8395689815564278"
"SR-p53","Smile SVC RBF classification","1.0E-4","Standard","cdk_fp","0.01","0.7171631000268097","0.7498903333409479","0.6968966178605241","0.7047023488789569"
"SR-p53","Smile SVC RBF classification","0.001","Standard","cdk_fp","0.01","0.8113769404962673","0.8313966505974543","0.7955797673171765","0.807154403574171"
"SR-p53","Smile SVC RBF classification","0.01","Standard","cdk_fp","0.01","0.7976794101277148","0.7975279307272166","0.7971065031755104","0.7984037964804175"
"SR-p53","Smile SVC RBF classification","0.1","Standard","cdk_fp","0.01","0.7641044878267302","0.7658491169549194","0.7611263191390052","0.765338027386266"
"SR-p53","Smile SVC RBF classification","1.0","Standard","cdk_fp","0.01","0.7513371750861673","0.7477929584865926","0.7491249329805324","0.7570936337913767"
"SR-p53","Smile SVC RBF classification","1.0E-4","MaxMin","rdkit_desc","0.01","0.5342259927140699","0.5","0.5","0.6026779781422096"
"SR-p53","Smile SVC RBF classification","0.001","MaxMin","rdkit_desc","0.01","0.6510089602394769","0.5665768009321666","0.7777700284641907","0.6086800513220735"
"SR-p53","Smile SVC RBF classification","0.01","MaxMin","rdkit_desc","0.01","0.7167074895546678","0.7456875871050322","0.8000510001699906","0.6043838813889804"
"SR-p53","Smile SVC RBF classification","0.1","MaxMin","rdkit_desc","0.01","0.7154153155084185","0.7414083026799856","0.795565600603278","0.6092720432419921"
"SR-p53","Smile SVC RBF classification","1.0","MaxMin","rdkit_desc","0.01","0.8518655262978085","0.8749400260458426","0.8446129435815931","0.8360436092659896"
"SR-p53","Smile SVC RBF classification","1.0E-4","Standard","rdkit_desc","0.01","0.6861783234543756","0.6926317713450145","0.654873785476724","0.7110294135413882"
"SR-p53","Smile SVC RBF classification","0.001","Standard","rdkit_desc","0.01","0.7611924239478093","0.7910575978432255","0.7708948132391179","0.7216248607610847"
"SR-p53","Smile SVC RBF classification","0.01","Standard","rdkit_desc","0.01","0.8571357287217619","0.8902865041467556","0.8376167664148463","0.8435039156036835"
"SR-p53","Smile SVC RBF classification","0.1","Standard","rdkit_desc","0.01","0.8833445069758271","0.8984932257990849","0.8785563900597528","0.8729839050686439"
"SR-p53","Smile SVC RBF classification","1.0","Standard","rdkit_desc","0.01","0.8677019189850054","0.8800292444424186","0.8665789783401713","0.8564975341724265"
"SR-p53","Smile SVC RBF classification","1.0E-4","MaxMin","cdk_desc","0.01","0.5847595189338456","0.6205487902396654","0.5","0.6337297665618713"
"SR-p53","Smile SVC RBF classification","0.001","MaxMin","cdk_desc","0.01","0.6416002270896959","0.5839292650049127","0.7213494557802398","0.6195219604839352"
"SR-p53","Smile SVC RBF classification","0.01","MaxMin","cdk_desc","0.01","0.7375630914407109","0.7768763279947085","0.6744859662352726","0.7613269800921515"
"SR-p53","Smile SVC RBF classification","0.1","MaxMin","cdk_desc","0.01","0.7764374828130811","0.7445920628755414","0.7959273966810658","0.7887929888826363"
"SR-p53","Smile SVC RBF classification","1.0","MaxMin","cdk_desc","0.01","0.8490767675480059","0.8443487399757809","0.8516189284733391","0.8512626341948976"
"SR-p53","Smile SVC RBF classification","1.0E-4","Standard","cdk_desc","0.01","0.754484398417552","0.7931983824167835","0.7430724769082494","0.7271823359276232"
"SR-p53","Smile SVC RBF classification","0.001","Standard","cdk_desc","0.01","0.8089174274638248","0.8328565879960662","0.8144247660312729","0.7794709283641353"
"SR-p53","Smile SVC RBF classification","0.01","Standard","cdk_desc","0.01","0.8592071862031337","0.8734652379538145","0.8482036606788622","0.8559526599767243"
"SR-p53","Smile SVC RBF classification","0.1","Standard","cdk_desc","0.01","0.8763759517425714","0.8864081884438804","0.8803239600542092","0.8623957067296247"
"SR-p53","Smile SVC RBF classification","1.0","Standard","cdk_desc","0.01","0.8526770594231429","0.8603246590052435","0.8514794408288878","0.8462270784352973"
"SR-p53","Smile SVC RBF classification","1.0E-4","MaxMin","rdkit_fp","0.1","0.6456934931819552","0.6906189312070228","0.6013268762177943","0.6451346721210486"
"SR-p53","Smile SVC RBF classification","0.001","MaxMin","rdkit_fp","0.1","0.6632843700047334","0.7072311453311685","0.6251400325180566","0.6574819321649749"
"SR-p53","Smile SVC RBF classification","0.01","MaxMin","rdkit_fp","0.1","0.714719359155629","0.7394845667024573","0.7158909119440634","0.6887825988203662"
"SR-p53","Smile SVC RBF classification","0.1","MaxMin","rdkit_fp","0.1","0.760511581954579","0.7797368000182733","0.737671689674859","0.7641262561706048"
"SR-p53","Smile SVC RBF classification","1.0","MaxMin","rdkit_fp","0.1","0.8431265388004793","0.864610797596473","0.8242248628008342","0.8405439560041307"
"SR-p53","Smile SVC RBF classification","1.0E-4","Standard","rdkit_fp","0.1","0.7083427599823823","0.7383536292810013","0.6939172489549288","0.6927574017112166"
"SR-p53","Smile SVC RBF classification","0.001","Standard","rdkit_fp","0.1","0.8193282636345852","0.8278884598688613","0.8124479645701416","0.8176483664647526"
"SR-p53","Smile SVC RBF classification","0.01","Standard","rdkit_fp","0.1","0.7990210932974162","0.8020299755534755","0.7967708610310683","0.7982624433077047"
"SR-p53","Smile SVC RBF classification","0.1","Standard","rdkit_fp","0.1","0.7663279855493852","0.7692019465831967","0.7627489527529085","0.7670330573120504"
"SR-p53","Smile SVC RBF classification","1.0","Standard","rdkit_fp","0.1","0.7551423267763383","0.7554764787863545","0.7506375021249948","0.7593129994176658"
"SR-p53","Smile SVC RBF classification","1.0E-4","MaxMin","cdk_fp","0.1","0.6115977802917438","0.62146953323128","0.6034682295094757","0.609855578134476"
"SR-p53","Smile SVC RBF classification","0.001","MaxMin","cdk_fp","0.1","0.6354632731196513","0.6336608101624385","0.6293715209819928","0.6433574882145225"
"SR-p53","Smile SVC RBF classification","0.01","MaxMin","cdk_fp","0.1","0.6860219453133305","0.7105965409307877","0.6643589452990436","0.68311034971016"
"SR-p53","Smile SVC RBF classification","0.1","MaxMin","cdk_fp","0.1","0.7307857853084568","0.7396353583586549","0.7212906094302349","0.7314313881364803"
"SR-p53","Smile SVC RBF classification","1.0","MaxMin","cdk_fp","0.1","0.8427089573492214","0.858059357079215","0.8276074381786467","0.8424600767898026"
"SR-p53","Smile SVC RBF classification","1.0E-4","Standard","cdk_fp","0.1","0.7055377633373042","0.725701980854024","0.6876708178770876","0.7032404912808011"
"SR-p53","Smile SVC RBF classification","0.001","Standard","cdk_fp","0.1","0.8132238038370602","0.8312824144942813","0.796985541233859","0.8114034557830401"
"SR-p53","Smile SVC RBF classification","0.01","Standard","cdk_fp","0.1","0.7967850762134336","0.7970812675637798","0.7979521470199712","0.7953218140565499"
"SR-p53","Smile SVC RBF classification","0.1","Standard","cdk_fp","0.1","0.7613367077480583","0.7616029609997881","0.7568806639611766","0.7655264982832101"
"SR-p53","Smile SVC RBF classification","1.0","Standard","cdk_fp","0.1","0.751986498788491","0.7484418195526523","0.7496109602416506","0.7579067165711699"
"SR-p53","Smile SVC RBF classification","1.0E-4","MaxMin","rdkit_desc","0.1","0.7164422075504787","0.7251776371404287","0.7506832715083455","0.673465714002662"
"SR-p53","Smile SVC RBF classification","0.001","MaxMin","rdkit_desc","0.1","0.640811751150013","0.6351458795037458","0.7152403328523907","0.5720490410939022"
"SR-p53","Smile SVC RBF classification","0.01","MaxMin","rdkit_desc","0.1","0.6863856492343979","0.7122780963695815","0.7617649110112364","0.5851139403223761"
"SR-p53","Smile SVC RBF classification","0.1","MaxMin","rdkit_desc","0.1","0.7894802727703817","0.8090886243688467","0.8177288796090862","0.7416233143332124"
"SR-p53","Smile SVC RBF classification","1.0","MaxMin","rdkit_desc","0.1","0.8509490930302143","0.8792490118577273","0.8466616683593968","0.8269365988735187"
"SR-p53","Smile SVC RBF classification","1.0E-4","Standard","rdkit_desc","0.1","0.7166006504504829","0.6825652859329612","0.7395493241387706","0.7276873412797169"
"SR-p53","Smile SVC RBF classification","0.001","Standard","rdkit_desc","0.1","0.8071582636752731","0.8339007059791232","0.8263171774675092","0.7612569075791867"
"SR-p53","Smile SVC RBF classification","0.01","Standard","rdkit_desc","0.1","0.8573661140021072","0.8806712513422831","0.8480609037927399","0.8433661868712986"
"SR-p53","Smile SVC RBF classification","0.1","Standard","rdkit_desc","0.1","0.8844058459510334","0.8970481390938794","0.8809407569819994","0.8752286417772218"
"SR-p53","Smile SVC RBF classification","1.0","Standard","rdkit_desc","0.1","0.8693214272417852","0.8822282894286017","0.8680991757151878","0.857636816581566"
"SR-p53","Smile SVC RBF classification","1.0E-4","MaxMin","cdk_desc","0.1","0.6571251359179535","0.715497269757125","0.642889835273813","0.6129883027229225"
"SR-p53","Smile SVC RBF classification","0.001","MaxMin","cdk_desc","0.1","0.64501176478686","0.608202152208184","0.6132617877957052","0.713571354356691"
"SR-p53","Smile SVC RBF classification","0.01","MaxMin","cdk_desc","0.1","0.764197911489266","0.7849299732687555","0.7427510014776986","0.7649127597213439"
"SR-p53","Smile SVC RBF classification","0.1","MaxMin","cdk_desc","0.1","0.8019178397119414","0.8321483241563741","0.8059040325006244","0.767701162478826"
"SR-p53","Smile SVC RBF classification","1.0","MaxMin","cdk_desc","0.1","0.8501904828932222","0.8591628778359177","0.8470637850844037","0.8443447857593454"
"SR-p53","Smile SVC RBF classification","1.0E-4","Standard","cdk_desc","0.1","0.7540280338497368","0.7675295300326712","0.7921078326671329","0.7024467388494063"
"SR-p53","Smile SVC RBF classification","0.001","Standard","cdk_desc","0.1","0.8187780684013256","0.8519351595878335","0.8157172062368501","0.7886818393792935"
"SR-p53","Smile SVC RBF classification","0.01","Standard","cdk_desc","0.1","0.8611990049879007","0.8787657931412705","0.8604284450178858","0.8444027768045456"
"SR-p53","Smile SVC RBF classification","0.1","Standard","cdk_desc","0.1","0.8739729163596617","0.8782528730379755","0.8818452471764521","0.8618206288645577"
"SR-p53","Smile SVC RBF classification","1.0","Standard","cdk_desc","0.1","0.8537114109151958","0.8605348534350789","0.8528754070205715","0.8477239722899366"
"SR-p53","Smile SVC RBF classification","1.0E-4","MaxMin","rdkit_fp","1.0","0.6498341067564405","0.6853800635152769","0.6017714930844653","0.6623507636695791"
"SR-p53","Smile SVC RBF classification","0.001","MaxMin","rdkit_fp","1.0","0.664963050108407","0.6978477918161244","0.6339898697098232","0.6630514887992734"
"SR-p53","Smile SVC RBF classification","0.01","MaxMin","rdkit_fp","1.0","0.7246827239320054","0.7243254358107296","0.7447147259721633","0.7050080100131232"
"SR-p53","Smile SVC RBF classification","0.1","MaxMin","rdkit_fp","1.0","0.7764051292182269","0.7839269802828491","0.7806088199781231","0.7646795873937083"
"SR-p53","Smile SVC RBF classification","1.0","MaxMin","rdkit_fp","1.0","0.8439563483970726","0.8679921862505483","0.8238499897563861","0.8400268691842834"
"SR-p53","Smile SVC RBF classification","1.0E-4","Standard","rdkit_fp","1.0","0.6983719932681401","0.7189529118782639","0.6806245123381183","0.6955385555880383"
"SR-p53","Smile SVC RBF classification","0.001","Standard","rdkit_fp","1.0","0.8190329736354863","0.8293278347688962","0.8099197510145595","0.8178513351230031"
"SR-p53","Smile SVC RBF classification","0.01","Standard","rdkit_fp","1.0","0.7999638176890383","0.801300006854172","0.7969474000810742","0.801644046131869"
"SR-p53","Smile SVC RBF classification","0.1","Standard","rdkit_fp","1.0","0.766810930947365","0.7697754118211577","0.7618531805362321","0.7688042004847053"
"SR-p53","Smile SVC RBF classification","1.0","Standard","rdkit_fp","1.0","0.7578568125112243","0.7576229751650799","0.7546543103861577","0.7612931519824351"
"SR-p53","Smile SVC RBF classification","1.0E-4","MaxMin","cdk_fp","1.0","0.6175545437584143","0.6424752678836628","0.6024591235816926","0.6077292398098875"
"SR-p53","Smile SVC RBF classification","0.001","MaxMin","cdk_fp","1.0","0.6316480879160195","0.6310310950672837","0.6323181974709138","0.6315949712098607"
"SR-p53","Smile SVC RBF classification","0.01","MaxMin","cdk_fp","1.0","0.7058842088358604","0.7121867074870292","0.7210628522607841","0.6844030667597683"
"SR-p53","Smile SVC RBF classification","0.1","MaxMin","cdk_fp","1.0","0.725090805156073","0.7220761269391548","0.719860861074666","0.7333354274543984"
"SR-p53","Smile SVC RBF classification","1.0","MaxMin","cdk_fp","1.0","0.8434389308481127","0.8573465237953813","0.829924240773107","0.8430460279758498"
"SR-p53","Smile SVC RBF classification","1.0E-4","Standard","cdk_fp","1.0","0.7053246506342582","0.7289679910438851","0.6870649184215244","0.699941042437365"
"SR-p53","Smile SVC RBF classification","0.001","Standard","cdk_fp","1.0","0.8115999569666391","0.8264536544129435","0.7970345798588577","0.8113116366281165"
"SR-p53","Smile SVC RBF classification","0.01","Standard","cdk_fp","1.0","0.8020704023490235","0.8023943887226079","0.8040961418589266","0.7997206764655358"
"SR-p53","Smile SVC RBF classification","0.1","Standard","cdk_fp","1.0","0.7649849295148584","0.7649649295163247","0.7633156213084699","0.7666742377197806"
"SR-p53","Smile SVC RBF classification","1.0","Standard","cdk_fp","1.0","0.7543571420144612","0.7508213575818455","0.7531907798666944","0.759059288594844"
"SR-p53","Smile SVC RBF classification","1.0E-4","MaxMin","rdkit_desc","1.0","0.602674371989902","0.6291530535310378","0.6229038712180323","0.5559661912206362"
"SR-p53","Smile SVC RBF classification","0.001","MaxMin","rdkit_desc","1.0","0.5704499866612834","0.5495030729511715","0.5109759340223451","0.6508709530103337"
"SR-p53","Smile SVC RBF classification","0.01","MaxMin","rdkit_desc","1.0","0.7653475964319295","0.8027188192556313","0.7899348767059925","0.7033890933341647"
"SR-p53","Smile SVC RBF classification","0.1","MaxMin","rdkit_desc","1.0","0.8065386892236224","0.8432726358838444","0.8206101712646657","0.755733260522357"
"SR-p53","Smile SVC RBF classification","1.0","MaxMin","rdkit_desc","1.0","0.8591707457638565","0.8723902762228906","0.8593648517289808","0.845757109339698"
"SR-p53","Smile SVC RBF classification","1.0E-4","Standard","rdkit_desc","1.0","0.7675921000124708","0.7985514862116936","0.7797849710781088","0.7244398427476099"
"SR-p53","Smile SVC RBF classification","0.001","Standard","rdkit_desc","1.0","0.8022213414749829","0.8265164842696819","0.8141305342812639","0.7660170058740029"
"SR-p53","Smile SVC RBF classification","0.01","Standard","rdkit_desc","1.0","0.8579365831286553","0.8761829148484254","0.8449071753315961","0.8527196592059446"
"SR-p53","Smile SVC RBF classification","0.1","Standard","rdkit_desc","1.0","0.8837962505886553","0.8968048161941188","0.8832793545209148","0.871304581050932"
"SR-p53","Smile SVC RBF classification","1.0","Standard","rdkit_desc","1.0","0.8685306626395676","0.8796237062761287","0.8690636020068669","0.856904679635707"
"SR-p53","Smile SVC RBF classification","1.0E-4","MaxMin","cdk_desc","1.0","0.64948676701467","0.5580593570792095","0.6813818866575672","0.7090190573072334"
"SR-p53","Smile SVC RBF classification","0.001","MaxMin","cdk_desc","1.0","0.6233446015867744","0.5791107861728599","0.5457127164782861","0.745210302109177"
"SR-p53","Smile SVC RBF classification","0.01","MaxMin","cdk_desc","1.0","0.7923282225488673","0.8194681167035819","0.7765233576419495","0.7809931933010704"
"SR-p53","Smile SVC RBF classification","0.1","MaxMin","cdk_desc","1.0","0.8178618295023782","0.8460325801366284","0.8175686867674063","0.7899842216030998"
"SR-p53","Smile SVC RBF classification","1.0","MaxMin","cdk_desc","1.0","0.8503906493031347","0.8590817702026539","0.8498306532816544","0.8422595244250957"
"SR-p53","Smile SVC RBF classification","1.0E-4","Standard","cdk_desc","1.0","0.789162048021625","0.8200507208298136","0.7838878693698309","0.7635475538652307"
"SR-p53","Smile SVC RBF classification","0.001","Standard","cdk_desc","1.0","0.818879926473174","0.8503484201146854","0.8218742780424693","0.7844170812623672"
"SR-p53","Smile SVC RBF classification","0.01","Standard","cdk_desc","1.0","0.8639604899071885","0.8747435399483475","0.8666617991290604","0.8504761306441578"
"SR-p53","Smile SVC RBF classification","0.1","Standard","cdk_desc","1.0","0.8741146849853746","0.8805307409353568","0.8813047325542234","0.8605085814665437"
"SR-p53","Smile SVC RBF classification","1.0","Standard","cdk_desc","1.0","0.8546625551509104","0.8644531517740824","0.8530911769705707","0.8464433367080779"
"SR-p53","Smile SVC RBF classification","1.0E-4","MaxMin","rdkit_fp","10.0","0.6444595670104024","0.68738376476502","0.6028416248566988","0.6431533114094883"
"SR-p53","Smile SVC RBF classification","0.001","MaxMin","rdkit_fp","10.0","0.6887399594211475","0.6930658685370957","0.6936862225438176","0.679467787182529"
"SR-p53","Smile SVC RBF classification","0.01","MaxMin","rdkit_fp","10.0","0.6756110899093294","0.699524777810778","0.6451815736821703","0.6821269182350399"
"SR-p53","Smile SVC RBF classification","0.1","MaxMin","rdkit_fp","10.0","0.7215886686718115","0.7416207818318912","0.6935925042827114","0.729552719900832"
"SR-p53","Smile SVC RBF classification","1.0","MaxMin","rdkit_fp","10.0","0.8432445325616831","0.8635495441979519","0.8247206977869548","0.8414633557001425"
"SR-p53","Smile SVC RBF classification","1.0E-4","Standard","rdkit_fp","10.0","0.6966941714928567","0.7110192145125523","0.6821305429992479","0.69693275696677"
"SR-p53","Smile SVC RBF classification","0.001","Standard","rdkit_fp","10.0","0.8155316289297869","0.8228495053576745","0.8078307055895413","0.815914675842145"
"SR-p53","Smile SVC RBF classification","0.01","Standard","rdkit_fp","10.0","0.8009171267161159","0.7991455139482223","0.7996216397644337","0.8039842264356918"
"SR-p53","Smile SVC RBF classification","0.1","Standard","rdkit_fp","10.0","0.7663468402124595","0.7691425438095371","0.7612701657723359","0.7686278110555053"
"SR-p53","Smile SVC RBF classification","1.0","Standard","rdkit_fp","10.0","0.756388266001383","0.7559916836116926","0.7531461002305788","0.7600270141618776"
"SR-p53","Smile SVC RBF classification","1.0E-4","MaxMin","cdk_fp","10.0","0.6101394290503243","0.6221549498503548","0.6013846328205672","0.6068787044800509"
"SR-p53","Smile SVC RBF classification","0.001","MaxMin","cdk_fp","10.0","0.6316012903047508","0.640428156914717","0.6286740827597623","0.625701631239773"
"SR-p53","Smile SVC RBF classification","0.01","MaxMin","cdk_fp","10.0","0.6413433684229135","0.6312275811647491","0.6459051658377352","0.6468973582662563"
"SR-p53","Smile SVC RBF classification","0.1","MaxMin","cdk_fp","10.0","0.7027830160893574","0.6927391532820016","0.699753935077221","0.7158559599088495"
"SR-p53","Smile SVC RBF classification","1.0","MaxMin","cdk_fp","10.0","0.835800500811164","0.852140784573554","0.8290284685564301","0.8262322493035076"
"SR-p53","Smile SVC RBF classification","1.0E-4","Standard","cdk_fp","10.0","0.6996231851599043","0.7345952614864318","0.6813306685381213","0.6829436254551599"
"SR-p53","Smile SVC RBF classification","0.001","Standard","cdk_fp","10.0","0.796591341927039","0.8112522561630343","0.7860161456948446","0.7925056239232382"
"SR-p53","Smile SVC RBF classification","0.01","Standard","cdk_fp","10.0","0.8015092554040445","0.8003884027507924","0.8028287658394662","0.801310597621875"
"SR-p53","Smile SVC RBF classification","0.1","Standard","cdk_fp","10.0","0.760332869023431","0.7586213987068436","0.7605367658917705","0.7618404424716785"
"SR-p53","Smile SVC RBF classification","1.0","Standard","cdk_fp","10.0","0.7558113708667596","0.7564771870501948","0.7559968789639456","0.7549600465861386"
"SR-p53","Smile SVC RBF classification","1.0E-4","MaxMin","rdkit_desc","10.0","0.6801350259120483","0.6519979894445838","0.6839209976853796","0.7044860906061814"
"SR-p53","Smile SVC RBF classification","0.001","MaxMin","rdkit_desc","10.0","0.7115615945847589","0.7166304919006489","0.7250818400163952","0.6929724518372326"
"SR-p53","Smile SVC RBF classification","0.01","MaxMin","rdkit_desc","10.0","0.7669349177230697","0.7877790216820081","0.8014502356033546","0.7115754958838462"
"SR-p53","Smile SVC RBF classification","0.1","MaxMin","rdkit_desc","10.0","0.8151876491880127","0.8413511846283823","0.8275376943564113","0.7766740685792444"
"SR-p53","Smile SVC RBF classification","1.0","MaxMin","rdkit_desc","10.0","0.860694997706597","0.874052411524123","0.8555823391206084","0.8524502424750592"
"SR-p53","Smile SVC RBF classification","1.0E-4","Standard","rdkit_desc","10.0","0.7767912059113901","0.8033950969864508","0.793556106725486","0.7334224140222332"
"SR-p53","Smile SVC RBF classification","0.001","Standard","rdkit_desc","10.0","0.8174393319923262","0.8300600881902557","0.817696187192413","0.8045617205943097"
"SR-p53","Smile SVC RBF classification","0.01","Standard","rdkit_desc","10.0","0.8720604938528141","0.8777033973817111","0.8592722232150946","0.8792058609616368"
"SR-p53","Smile SVC RBF classification","0.1","Standard","rdkit_desc","10.0","0.8786696922559339","0.9033859580981911","0.864812498092946","0.8678106205766647"
"SR-p53","Smile SVC RBF classification","1.0","Standard","rdkit_desc","10.0","0.8667001998765117","0.881218442276491","0.8648746136845973","0.8540075436684469"
"SR-p53","Smile SVC RBF classification","1.0E-4","MaxMin","cdk_desc","10.0","0.683209669885675","0.7601772944321223","0.5799373177397779","0.7095143974851247"
"SR-p53","Smile SVC RBF classification","0.001","MaxMin","cdk_desc","10.0","0.7381017436207751","0.7156640544677632","0.7695064752779888","0.7291347011165732"
"SR-p53","Smile SVC RBF classification","0.01","MaxMin","cdk_desc","10.0","0.7996019092710922","0.8213781443487422","0.8053831333283814","0.7720444501361529"
"SR-p53","Smile SVC RBF classification","0.1","MaxMin","cdk_desc","10.0","0.8274291850013483","0.8623226484498041","0.8280814782203126","0.7918834283339282"
"SR-p53","Smile SVC RBF classification","1.0","MaxMin","cdk_desc","10.0","0.8539163152212277","0.8641435719344746","0.8622624895929056","0.835342884136303"
"SR-p53","Smile SVC RBF classification","1.0E-4","Standard","cdk_desc","10.0","0.7851044816310879","0.816351755808896","0.7820734402448007","0.7568882488395673"
"SR-p53","Smile SVC RBF classification","0.001","Standard","cdk_desc","10.0","0.83229080157186","0.8608672804953149","0.8137513022479399","0.8222538219723252"
"SR-p53","Smile SVC RBF classification","0.01","Standard","cdk_desc","10.0","0.868796838558298","0.8739861545842983","0.870117387570765","0.862286973519831"
"SR-p53","Smile SVC RBF classification","0.1","Standard","cdk_desc","10.0","0.8681839547053656","0.875058831593128","0.8739620157708166","0.8555310167521519"
"SR-p53","Smile SVC RBF classification","1.0","Standard","cdk_desc","10.0","0.8537069590954522","0.8619091137563094","0.8517584161177827","0.8474533474122645"
